jp,1.0.16.0/20
jp,1.0.64.0/18
jp,1.1.64.0/18
jp,1.5.0.0/16
jp,1.21.0.0/17
jp,1.21.128.0/18
jp,1.21.192.0/19
jp,1.33.0.0/16
jp,1.66.0.0/15
jp,1.72.0.0/13
jp,1.112.0.0/14
jp,14.0.8.0/22
jp,14.1.4.0/22
jp,14.1.8.0/21
jp,14.3.0.0/16
jp,14.8.0.0/13
jp,14.101.0.0/16
jp,14.102.132.0/22
jp,14.102.192.0/19
jp,14.128.0.0/22
jp,14.128.16.0/20
jp,14.128.64.0/18
jp,14.132.0.0/15
jp,14.137.224.0/19
jp,14.192.32.0/20
jp,14.192.96.0/19
jp,14.193.0.0/16
jp,23.81.40.0/21
jp,23.106.224.0/21
jp,23.129.12.0/24
jp,23.130.44.0/24
jp,23.137.68.0/24
jp,23.137.116.0/24
jp,23.176.40.0/24
jp,23.187.72.0/24
jp,23.232.128.0/17
jp,24.41.112.0/20
jp,24.53.192.0/19
jp,27.0.0.0/22
jp,27.0.16.0/20
jp,27.0.32.0/20
jp,27.34.128.0/19
jp,27.34.160.0/20
jp,27.34.192.0/19
jp,27.50.96.0/19
jp,27.54.96.0/20
jp,27.54.112.0/22
jp,27.54.124.0/22
jp,27.80.0.0/12
jp,27.96.0.0/20
jp,27.96.16.0/21
jp,27.96.32.0/19
jp,27.96.68.0/22
jp,27.96.72.0/21
jp,27.96.80.0/22
jp,27.98.0.0/17
jp,27.98.128.0/18
jp,27.100.8.0/22
jp,27.100.28.0/22
jp,27.100.32.0/22
jp,27.100.48.0/20
jp,27.106.208.0/21
jp,27.106.224.0/19
jp,27.109.96.0/21
jp,27.109.120.0/22
jp,27.110.0.0/18
jp,27.110.64.0/21
jp,27.110.96.0/20
jp,27.110.112.0/21
jp,27.111.76.0/22
jp,27.111.128.0/19
jp,27.112.104.0/21
jp,27.112.124.0/22
jp,27.113.192.0/19
jp,27.113.224.0/20
jp,27.113.248.0/22
jp,27.114.0.0/17
jp,27.116.0.0/20
jp,27.116.24.0/21
jp,27.118.0.0/20
jp,27.120.64.0/18
jp,27.120.128.0/17
jp,27.121.0.0/18
jp,27.121.92.0/22
jp,27.121.128.0/17
jp,27.122.4.0/22
jp,27.122.8.0/22
jp,27.122.32.0/20
jp,27.122.48.0/21
jp,27.122.64.0/19
jp,27.122.96.0/20
jp,27.123.8.0/21
jp,27.123.208.0/22
jp,27.123.236.0/22
jp,27.125.204.0/22
jp,27.126.64.0/18
jp,27.126.128.0/20
jp,27.126.160.0/20
jp,27.127.0.0/17
jp,27.127.128.0/18
jp,27.127.240.0/20
jp,27.131.8.0/22
jp,27.131.16.0/20
jp,27.131.192.0/20
jp,27.131.224.0/20
jp,27.131.240.0/21
jp,27.132.0.0/14
jp,27.136.0.0/13
jp,27.147.64.0/18
jp,27.228.0.0/14
jp,27.253.128.0/17
jp,36.2.0.0/19
jp,36.2.48.0/20
jp,36.2.64.0/19
jp,36.2.96.0/20
jp,36.2.144.0/20
jp,36.2.160.0/19
jp,36.2.192.0/19
jp,36.2.240.0/20
jp,36.3.0.0/18
jp,36.3.64.0/20
jp,36.3.96.0/19
jp,36.3.128.0/19
jp,36.3.192.0/18
jp,36.8.0.0/13
jp,36.50.48.0/23
jp,36.50.252.0/24
jp,36.52.0.0/14
jp,36.240.0.0/13
jp,36.255.36.0/22
jp,36.255.120.0/22
jp,36.255.160.0/22
jp,36.255.216.0/22
jp,36.255.236.0/22
jp,39.2.0.0/15
jp,39.110.0.0/15
jp,42.83.0.0/18
jp,42.99.128.0/17
jp,42.123.32.0/22
jp,42.124.0.0/14
jp,42.144.0.0/13
jp,42.187.124.0/22
jp,43.222.0.0/15
jp,43.224.32.0/22
jp,43.224.140.0/22
jp,43.228.174.0/24
jp,43.229.16.0/23
jp,43.229.32.0/22
jp,43.229.240.0/21
jp,43.230.52.0/22
jp,43.231.188.0/22
jp,43.231.216.0/22
jp,43.231.244.0/22
jp,43.232.0.0/14
jp,43.239.104.0/22
jp,43.239.248.0/24
jp,43.244.0.0/16
jp,43.246.128.0/22
jp,43.246.192.0/21
jp,43.246.244.0/22
jp,43.247.72.0/22
jp,43.247.168.0/22
jp,43.248.40.0/22
jp,43.248.160.0/22
jp,43.248.216.0/22
jp,43.249.44.0/22
jp,43.249.92.0/22
jp,43.249.240.0/21
jp,43.250.88.0/22
jp,43.250.196.0/22
jp,43.251.184.0/22
jp,43.252.240.0/22
jp,43.253.0.0/16
jp,43.255.40.0/22
jp,45.75.0.0/17
jp,45.113.4.0/22
jp,45.113.116.0/22
jp,45.113.172.0/22
jp,45.114.16.0/22
jp,45.114.112.0/22
jp,45.114.184.0/22
jp,45.115.32.0/22
jp,45.116.72.0/22
jp,45.116.92.0/22
jp,45.116.132.0/22
jp,45.116.224.0/22
jp,45.117.16.0/22
jp,45.117.140.0/22
jp,45.118.40.0/22
jp,45.119.164.0/22
jp,45.119.204.0/22
jp,45.120.132.0/22
jp,45.121.148.0/22
jp,45.121.184.0/22
jp,45.122.224.0/22
jp,45.124.60.0/22
jp,45.124.136.0/22
jp,45.124.204.0/22
jp,45.124.216.0/21
jp,45.125.188.0/22
jp,45.125.240.0/22
jp,45.126.156.0/22
jp,45.127.28.0/22
jp,45.135.160.0/22
jp,45.143.0.0/22
jp,45.148.172.0/22
jp,45.251.67.0/24
jp,45.251.132.0/22
jp,49.0.16.0/21
jp,49.50.6.0/23
jp,49.96.0.0/12
jp,49.128.16.0/20
jp,49.128.96.0/21
jp,49.128.128.0/19
jp,49.129.0.0/16
jp,49.132.0.0/14
jp,49.143.240.0/21
jp,49.156.4.0/22
jp,49.156.8.0/21
jp,49.156.160.0/19
jp,49.156.192.0/18
jp,49.212.0.0/16
jp,49.236.224.0/20
jp,49.238.0.0/19
jp,49.239.64.0/18
jp,49.240.0.0/14
jp,49.250.0.0/15
jp,49.252.0.0/15
jp,58.1.0.0/17
jp,58.3.0.0/16
jp,58.4.0.0/15
jp,58.12.0.0/15
jp,58.65.32.0/19
jp,58.70.0.0/16
jp,58.80.0.0/15
jp,58.84.240.0/20
jp,58.85.0.0/16
jp,58.87.16.0/20
jp,58.87.128.0/17
jp,58.88.0.0/13
jp,58.98.0.0/16
jp,58.112.0.0/15
jp,58.138.0.0/17
jp,58.138.128.0/18
jp,58.145.160.0/21
jp,58.145.176.0/21
jp,58.145.192.0/19
jp,58.145.224.0/23
jp,58.145.228.0/24
jp,58.145.234.0/24
jp,58.145.240.0/20
jp,58.146.0.0/18
jp,58.146.64.0/19
jp,58.147.160.0/21
jp,58.147.192.0/18
jp,58.156.0.0/14
jp,58.183.0.0/16
jp,58.188.0.0/14
jp,59.84.0.0/15
jp,59.86.0.0/17
jp,59.86.128.0/19
jp,59.87.0.0/16
jp,59.106.0.0/16
jp,59.128.0.0/12
jp,59.146.0.0/15
jp,59.153.40.0/22
jp,59.153.140.0/22
jp,59.153.204.0/22
jp,59.156.0.0/14
jp,59.166.0.0/16
jp,59.168.0.0/14
jp,59.190.0.0/16
jp,59.191.128.0/18
jp,60.32.0.0/12
jp,60.56.0.0/14
jp,60.60.0.0/15
jp,60.62.0.0/16
jp,60.64.0.0/10
jp,60.128.0.0/11
jp,60.192.0.0/15
jp,60.236.0.0/14
jp,60.254.192.0/18
jp,61.4.128.0/19
jp,61.4.160.0/20
jp,61.5.224.0/19
jp,61.7.0.0/17
jp,61.8.32.0/19
jp,61.8.80.0/20
jp,61.11.128.0/18
jp,61.11.192.0/20
jp,61.12.128.0/17
jp,61.14.128.0/18
jp,61.21.0.0/16
jp,61.22.0.0/15
jp,61.24.0.0/14
jp,61.44.0.0/16
jp,61.45.0.0/17
jp,61.45.192.0/19
jp,61.45.240.0/21
jp,61.46.0.0/16
jp,61.47.0.0/24
jp,61.47.3.0/24
jp,61.47.4.0/23
jp,61.47.15.0/24
jp,61.47.17.0/24
jp,61.47.21.0/24
jp,61.47.22.0/24
jp,61.47.24.0/24
jp,61.47.27.0/24
jp,61.47.29.0/24
jp,61.47.44.0/23
jp,61.47.46.0/24
jp,61.47.49.0/24
jp,61.47.50.0/23
jp,61.47.53.0/24
jp,61.47.54.0/23
jp,61.47.56.0/24
jp,61.47.64.0/23
jp,61.47.66.0/24
jp,61.47.72.0/21
jp,61.47.98.0/23
jp,61.47.102.0/23
jp,61.47.108.0/22
jp,61.86.0.0/16
jp,61.87.0.0/17
jp,61.87.128.0/18
jp,61.89.0.0/16
jp,61.112.0.0/12
jp,61.192.0.0/12
jp,61.208.0.0/13
jp,61.245.32.0/19
jp,61.245.64.0/19
jp,61.245.104.0/21
jp,61.245.112.0/21
jp,61.245.124.0/22
jp,61.245.192.0/19
jp,64.33.0.0/18
jp,64.56.160.0/19
jp,64.63.64.0/18
jp,65.99.63.0/24
jp,66.11.48.0/20
jp,69.6.64.0/20
jp,74.113.96.0/22
jp,76.77.48.0/20
jp,80.208.192.0/20
jp,81.23.208.0/20
jp,85.131.192.0/18
jp,87.101.96.0/20
jp,90.149.0.0/16
jp,91.243.68.0/24
jp,92.202.0.0/15
jp,101.0.8.0/21
jp,101.0.16.0/20
jp,101.1.64.0/18
jp,101.1.128.0/17
jp,101.2.128.0/19
jp,101.50.4.0/22
jp,101.50.32.0/20
jp,101.50.48.0/21
jp,101.50.60.0/22
jp,101.50.128.0/17
jp,101.53.96.0/22
jp,101.53.104.0/21
jp,101.53.112.0/20
jp,101.55.128.0/18
jp,101.55.192.0/19
jp,101.55.232.0/21
jp,101.55.240.0/20
jp,101.78.4.0/22
jp,101.96.32.0/19
jp,101.97.0.0/19
jp,101.97.128.0/17
jp,101.102.0.0/18
jp,101.102.96.0/22
jp,101.102.128.0/17
jp,101.110.0.0/18
jp,101.110.128.0/17
jp,101.111.0.0/16
jp,101.128.128.0/17
jp,101.140.0.0/14
jp,101.203.0.0/18
jp,101.203.64.0/20
jp,101.203.80.0/22
jp,101.203.86.0/23
jp,101.203.88.0/21
jp,101.203.96.0/19
jp,101.203.192.0/18
jp,103.1.120.0/22
jp,103.1.140.0/22
jp,103.1.244.0/22
jp,103.1.248.0/21
jp,103.2.0.0/18
jp,103.2.64.0/21
jp,103.2.72.0/22
jp,103.2.96.0/21
jp,103.2.124.0/22
jp,103.2.128.0/22
jp,103.2.136.0/22
jp,103.2.160.0/22
jp,103.2.244.0/22
jp,103.2.248.0/21
jp,103.3.0.0/20
jp,103.3.16.0/22
jp,103.3.48.0/21
jp,103.3.180.0/22
jp,103.3.184.0/21
jp,103.4.8.0/21
jp,103.4.32.0/22
jp,103.4.40.0/22
jp,103.4.68.0/22
jp,103.4.200.0/22
jp,103.5.20.0/22
jp,103.5.40.0/22
jp,103.5.64.0/22
jp,103.5.116.0/22
jp,103.5.140.0/22
jp,103.5.160.0/22
jp,103.5.176.0/22
jp,103.5.248.0/22
jp,103.6.16.0/21
jp,103.6.44.0/22
jp,103.6.56.0/21
jp,103.6.68.0/22
jp,103.6.92.0/22
jp,103.6.112.0/22
jp,103.6.240.0/22
jp,103.7.20.0/22
jp,103.7.88.0/21
jp,103.7.116.0/22
jp,103.7.132.0/23
jp,103.7.134.0/24
jp,103.7.152.0/22
jp,103.7.198.0/23
jp,103.7.208.0/22
jp,103.7.236.0/22
jp,103.8.48.0/22
jp,103.8.84.0/22
jp,103.8.88.0/22
jp,103.8.176.0/21
jp,103.8.196.0/22
jp,103.9.28.0/22
jp,103.9.92.0/22
jp,103.9.96.0/22
jp,103.9.120.0/22
jp,103.9.164.0/22
jp,103.9.172.0/22
jp,103.9.180.0/24
jp,103.10.36.0/22
jp,103.10.112.0/22
jp,103.10.164.0/22
jp,103.10.240.0/21
jp,103.11.4.0/22
jp,103.11.120.0/22
jp,103.11.156.0/22
jp,103.11.208.0/22
jp,103.11.221.0/24
jp,103.11.236.0/22
jp,103.12.0.0/24
jp,103.12.16.0/22
jp,103.12.52.0/22
jp,103.12.158.0/24
jp,103.13.16.0/21
jp,103.13.24.0/22
jp,103.13.44.0/22
jp,103.13.60.0/22
jp,103.13.92.0/22
jp,103.13.140.0/22
jp,103.13.152.0/22
jp,103.13.168.0/22
jp,103.13.248.0/21
jp,103.14.12.0/22
jp,103.14.80.0/22
jp,103.14.176.0/22
jp,103.15.0.0/22
jp,103.15.32.0/22
jp,103.15.39.0/24
jp,103.15.68.0/22
jp,103.15.76.0/22
jp,103.15.92.0/23
jp,103.15.108.0/22
jp,103.15.116.0/22
jp,103.15.184.0/21
jp,103.16.8.0/22
jp,103.16.36.0/22
jp,103.16.216.0/22
jp,103.16.236.0/22
jp,103.17.126.0/24
jp,103.17.184.0/21
jp,103.18.24.0/22
jp,103.18.60.0/22
jp,103.18.100.0/22
jp,103.19.0.0/22
jp,103.19.116.0/22
jp,103.19.160.0/22
jp,103.19.240.0/22
jp,103.20.4.0/22
jp,103.20.8.0/22
jp,103.20.72.0/22
jp,103.20.198.0/23
jp,103.21.36.0/22
jp,103.21.104.0/22
jp,103.22.152.0/22
jp,103.22.167.0/24
jp,103.23.4.0/22
jp,103.23.12.0/22
jp,103.23.68.0/23
jp,103.23.72.0/22
jp,103.23.128.0/22
jp,103.23.220.0/22
jp,103.23.248.0/22
jp,103.24.160.0/22
jp,103.24.168.0/22
jp,103.24.194.0/23
jp,103.24.204.0/22
jp,103.25.88.0/22
jp,103.25.100.0/22
jp,103.26.24.0/22
jp,103.26.32.0/22
jp,103.26.152.0/22
jp,103.26.164.0/22
jp,103.27.40.0/22
jp,103.27.80.0/22
jp,103.27.136.0/22
jp,103.27.220.0/22
jp,103.27.244.0/22
jp,103.27.254.0/24
jp,103.28.24.0/21
jp,103.28.73.0/24
jp,103.28.96.0/22
jp,103.28.164.0/22
jp,103.28.168.0/22
jp,103.28.228.0/22
jp,103.28.232.0/21
jp,103.28.248.0/22
jp,103.29.48.0/22
jp,103.29.113.0/24
jp,103.29.176.0/22
jp,103.30.52.0/22
jp,103.30.164.0/22
jp,103.30.240.0/22
jp,103.31.12.0/22
jp,103.31.192.0/22
jp,103.31.216.0/22
jp,103.31.244.0/22
jp,103.31.252.0/22
jp,103.35.60.0/22
jp,103.36.140.0/22
jp,103.36.252.0/23
jp,103.37.10.0/23
jp,103.37.64.0/22
jp,103.37.88.0/23
jp,103.37.92.0/22
jp,103.37.108.0/22
jp,103.37.112.0/21
jp,103.37.132.0/22
jp,103.37.240.0/22
jp,103.38.210.0/23
jp,103.39.113.0/24
jp,103.39.192.0/22
jp,103.40.96.0/22
jp,103.40.104.0/22
jp,103.40.124.0/22
jp,103.40.128.0/22
jp,103.40.216.0/22
jp,103.41.60.0/22
jp,103.41.136.0/22
jp,103.41.240.0/22
jp,103.41.252.0/22
jp,103.42.44.0/22
jp,103.42.80.0/22
jp,103.42.130.0/23
jp,103.42.168.0/22
jp,103.43.72.0/22
jp,103.43.140.0/22
jp,103.44.16.0/23
jp,103.44.84.0/22
jp,103.44.102.0/23
jp,103.44.128.0/22
jp,103.44.208.0/22
jp,103.46.204.0/22
jp,103.47.2.0/24
jp,103.48.31.0/24
jp,103.48.36.0/22
jp,103.48.40.0/23
jp,103.48.120.0/22
jp,103.48.136.0/22
jp,103.48.164.0/22
jp,103.48.248.0/22
jp,103.49.0.0/22
jp,103.49.88.0/22
jp,103.49.140.0/22
jp,103.49.216.0/22
jp,103.50.84.0/22
jp,103.51.4.0/22
jp,103.51.36.0/22
jp,103.51.80.0/22
jp,103.51.180.0/22
jp,103.51.212.0/22
jp,103.52.20.0/22
jp,103.52.128.0/22
jp,103.52.132.0/24
jp,103.52.148.0/22
jp,103.52.232.0/21
jp,103.52.240.0/22
jp,103.53.12.0/22
jp,103.53.96.0/22
jp,103.53.120.0/22
jp,103.54.156.0/22
jp,103.54.184.0/22
jp,103.54.204.0/22
jp,103.54.208.0/22
jp,103.54.228.0/23
jp,103.55.12.0/22
jp,103.55.156.0/23
jp,103.55.192.0/21
jp,103.55.240.0/23
jp,103.56.48.0/22
jp,103.56.96.0/22
jp,103.56.108.0/22
jp,103.56.132.0/22
jp,103.56.212.0/22
jp,103.57.4.0/22
jp,103.57.28.0/22
jp,103.57.44.0/22
jp,103.57.48.0/22
jp,103.57.100.0/22
jp,103.57.144.0/22
jp,103.58.68.0/22
jp,103.59.89.0/24
jp,103.59.136.0/22
jp,103.60.36.0/22
jp,103.60.224.0/22
jp,103.61.151.0/24
jp,103.61.244.0/22
jp,103.62.244.0/22
jp,103.64.132.0/22
jp,103.65.44.0/22
jp,103.65.130.0/23
jp,103.65.208.0/22
jp,103.66.171.0/24
jp,103.67.28.0/22
jp,103.67.220.0/22
jp,103.68.12.0/22
jp,103.68.144.0/22
jp,103.68.184.0/22
jp,103.70.240.0/22
jp,103.71.36.0/22
jp,103.71.114.0/23
jp,103.71.156.0/22
jp,103.72.104.0/23
jp,103.74.160.0/22
jp,103.75.212.0/22
jp,103.75.252.0/22
jp,103.76.84.0/22
jp,103.78.118.0/23
jp,103.78.156.0/23
jp,103.79.12.0/22
jp,103.79.176.0/23
jp,103.80.4.0/22
jp,103.80.104.0/22
jp,103.80.204.0/22
jp,103.81.72.0/22
jp,103.81.144.0/22
jp,103.81.176.0/22
jp,103.82.88.0/22
jp,103.82.112.0/22
jp,103.83.24.0/22
jp,103.84.124.0/22
jp,103.84.167.0/24
jp,103.87.144.0/22
jp,103.87.176.0/22
jp,103.88.44.0/22
jp,103.90.16.0/22
jp,103.90.28.0/22
jp,103.90.164.0/22
jp,103.91.4.0/22
jp,103.91.184.0/24
jp,103.92.228.0/22
jp,103.93.60.0/22
jp,103.94.228.0/22
jp,103.95.28.0/22
jp,103.95.104.0/22
jp,103.95.163.0/24
jp,103.95.180.0/22
jp,103.95.184.0/22
jp,103.95.206.0/24
jp,103.96.0.0/22
jp,103.96.64.0/22
jp,103.96.112.0/22
jp,103.96.229.0/24
jp,103.96.252.0/22
jp,103.97.208.0/23
jp,103.97.232.0/21
jp,103.99.80.0/22
jp,103.99.124.0/22
jp,103.99.168.0/22
jp,103.100.72.0/22
jp,103.100.156.0/22
jp,103.100.189.0/24
jp,103.100.190.0/23
jp,103.101.72.0/22
jp,103.101.220.0/22
jp,103.102.3.0/24
jp,103.103.164.0/22
jp,103.104.88.0/22
jp,103.106.48.0/22
jp,103.106.124.0/22
jp,103.108.46.0/23
jp,103.108.64.0/23
jp,103.108.232.0/21
jp,103.109.240.0/22
jp,103.110.24.0/22
jp,103.112.180.0/22
jp,103.113.56.0/22
jp,103.113.246.0/24
jp,103.114.180.0/22
jp,103.114.184.0/22
jp,103.114.232.0/22
jp,103.115.3.0/24
jp,103.115.84.0/22
jp,103.115.216.0/22
jp,103.116.4.0/22
jp,103.116.152.0/22
jp,103.117.21.0/24
jp,103.118.92.0/22
jp,103.118.123.0/24
jp,103.118.154.0/23
jp,103.119.88.0/22
jp,103.119.127.0/24
jp,103.120.16.0/22
jp,103.120.84.0/22
jp,103.120.180.0/22
jp,103.120.184.0/22
jp,103.121.44.0/22
jp,103.123.180.0/22
jp,103.124.0.0/22
jp,103.124.16.0/22
jp,103.124.200.0/22
jp,103.125.124.0/22
jp,103.126.176.0/22
jp,103.129.28.0/22
jp,103.130.232.0/22
jp,103.131.120.0/22
jp,103.131.132.0/23
jp,103.131.150.0/23
jp,103.131.194.0/23
jp,103.134.34.0/23
jp,103.134.234.0/23
jp,103.135.240.0/22
jp,103.135.244.0/24
jp,103.136.138.0/23
jp,103.136.152.0/22
jp,103.136.196.0/22
jp,103.137.106.0/23
jp,103.137.212.0/22
jp,103.137.232.0/22
jp,103.137.240.0/22
jp,103.138.100.0/22
jp,103.138.238.0/24
jp,103.139.86.0/23
jp,103.139.106.0/24
jp,103.139.110.0/23
jp,103.139.238.0/23
jp,103.139.250.0/23
jp,103.140.44.0/23
jp,103.140.48.0/23
jp,103.140.112.0/23
jp,103.140.118.0/23
jp,103.140.136.0/23
jp,103.140.200.0/23
jp,103.140.240.0/23
jp,103.141.34.0/23
jp,103.141.48.0/23
jp,103.141.94.0/23
jp,103.141.96.0/23
jp,103.141.146.0/23
jp,103.141.182.0/23
jp,103.142.6.0/23
jp,103.142.12.0/23
jp,103.142.124.0/23
jp,103.142.127.0/24
jp,103.142.132.0/23
jp,103.143.122.0/23
jp,103.143.136.0/23
jp,103.144.122.0/23
jp,103.144.142.0/24
jp,103.144.202.0/23
jp,103.144.248.0/23
jp,103.146.64.0/23
jp,103.146.114.0/23
jp,103.146.208.0/23
jp,103.147.244.0/24
jp,103.148.30.0/23
jp,103.149.4.0/23
jp,103.149.30.0/23
jp,103.150.2.0/24
jp,103.150.224.0/23
jp,103.151.85.0/24
jp,103.151.154.0/24
jp,103.152.66.0/23
jp,103.152.130.0/23
jp,103.152.138.0/23
jp,103.152.178.0/24
jp,103.152.230.0/23
jp,103.153.26.0/23
jp,103.153.204.0/22
jp,103.154.6.0/23
jp,103.154.42.0/24
jp,103.155.45.0/24
jp,103.157.142.0/23
jp,103.157.156.0/23
jp,103.157.242.0/23
jp,103.159.140.0/23
jp,103.160.48.0/24
jp,103.161.88.0/23
jp,103.162.255.0/24
jp,103.163.0.0/23
jp,103.163.152.0/23
jp,103.163.250.0/23
jp,103.164.72.0/22
jp,103.164.96.0/24
jp,103.164.166.0/23
jp,103.164.168.0/23
jp,103.164.236.0/23
jp,103.165.188.0/23
jp,103.165.192.0/23
jp,103.166.237.0/24
jp,103.167.42.0/23
jp,103.167.44.0/23
jp,103.167.46.0/24
jp,103.167.206.0/23
jp,103.168.88.0/23
jp,103.168.209.0/24
jp,103.169.144.0/23
jp,103.169.184.0/23
jp,103.169.228.0/23
jp,103.170.124.0/23
jp,103.171.16.0/23
jp,103.171.252.0/23
jp,103.172.162.0/23
jp,103.173.8.0/24
jp,103.173.104.0/23
jp,103.173.180.0/23
jp,103.173.212.0/23
jp,103.173.236.0/23
jp,103.174.60.0/23
jp,103.174.142.0/23
jp,103.174.196.0/23
jp,103.175.36.0/24
jp,103.175.86.0/24
jp,103.175.110.0/23
jp,103.177.65.0/24
jp,103.177.117.0/24
jp,103.179.158.0/23
jp,103.179.160.0/23
jp,103.180.128.0/22
jp,103.183.76.0/23
jp,103.184.10.0/24
jp,103.187.126.0/23
jp,103.187.128.0/23
jp,103.189.185.0/24
jp,103.189.188.0/23
jp,103.190.111.0/24
jp,103.192.68.0/22
jp,103.192.120.0/22
jp,103.192.228.0/22
jp,103.193.12.0/22
jp,103.193.128.0/22
jp,103.194.72.0/22
jp,103.194.164.0/22
jp,103.197.12.0/22
jp,103.197.208.0/22
jp,103.198.12.0/22
jp,103.198.36.0/22
jp,103.198.108.0/22
jp,103.198.160.0/22
jp,103.198.208.0/23
jp,103.198.210.0/24
jp,103.198.212.0/22
jp,103.199.132.0/22
jp,103.199.220.0/22
jp,103.200.28.0/22
jp,103.201.128.0/22
jp,103.202.216.0/23
jp,103.203.156.0/22
jp,103.203.222.0/24
jp,103.204.56.0/22
jp,103.204.64.0/22
jp,103.204.230.0/24
jp,103.205.48.0/22
jp,103.205.168.0/22
jp,103.205.184.0/24
jp,103.206.88.0/22
jp,103.207.20.0/22
jp,103.207.216.0/22
jp,103.208.96.0/22
jp,103.208.220.0/22
jp,103.209.74.0/23
jp,103.209.116.0/22
jp,103.209.148.0/22
jp,103.209.236.0/22
jp,103.209.252.0/22
jp,103.210.84.0/22
jp,103.210.108.0/22
jp,103.211.72.0/22
jp,103.212.32.0/22
jp,103.212.76.0/22
jp,103.212.188.0/22
jp,103.213.248.0/22
jp,103.214.72.0/22
jp,103.214.152.0/22
jp,103.214.168.0/23
jp,103.215.56.0/22
jp,103.215.84.0/22
jp,103.215.172.0/22
jp,103.215.252.0/22
jp,103.217.136.0/23
jp,103.224.8.0/22
jp,103.224.143.0/24
jp,103.224.174.0/24
jp,103.224.252.0/22
jp,103.225.80.0/22
jp,103.225.120.0/22
jp,103.225.144.0/22
jp,103.225.152.0/22
jp,103.225.192.0/22
jp,103.225.252.0/23
jp,103.226.44.0/22
jp,103.226.54.0/24
jp,103.227.8.0/22
jp,103.227.40.0/22
jp,103.227.160.0/22
jp,103.227.188.0/22
jp,103.228.60.0/22
jp,103.228.196.0/22
jp,103.230.24.0/22
jp,103.230.168.0/22
jp,103.231.98.0/23
jp,103.231.192.0/22
jp,103.232.12.0/22
jp,103.232.22.0/23
jp,103.232.72.0/22
jp,103.232.200.0/22
jp,103.233.40.0/22
jp,103.233.196.0/22
jp,103.234.44.0/22
jp,103.234.152.0/23
jp,103.234.168.0/22
jp,103.234.176.0/22
jp,103.234.196.0/22
jp,103.235.12.0/22
jp,103.235.40.0/22
jp,103.235.112.0/22
jp,103.235.124.0/22
jp,103.235.180.0/24
jp,103.236.144.0/22
jp,103.236.180.0/22
jp,103.237.120.0/22
jp,103.238.236.0/22
jp,103.238.244.0/22
jp,103.239.16.0/22
jp,103.239.90.0/23
jp,103.239.92.0/22
jp,103.239.108.0/22
jp,103.239.216.0/22
jp,103.240.12.0/22
jp,103.240.20.0/22
jp,103.240.116.0/22
jp,103.240.252.0/22
jp,103.241.104.0/24
jp,103.241.124.0/22
jp,103.241.128.0/22
jp,103.241.152.0/22
jp,103.241.208.0/22
jp,103.242.4.0/22
jp,103.242.28.0/22
jp,103.242.112.0/22
jp,103.242.252.0/22
jp,103.243.120.0/22
jp,103.243.152.0/22
jp,103.243.196.0/22
jp,103.243.208.0/22
jp,103.243.240.0/22
jp,103.244.44.0/22
jp,103.244.208.0/22
jp,103.244.220.0/22
jp,103.245.4.0/22
jp,103.245.224.0/24
jp,103.245.232.0/22
jp,103.246.39.0/24
jp,103.246.66.0/23
jp,103.246.68.0/22
jp,103.246.72.0/23
jp,103.246.80.0/22
jp,103.246.148.0/22
jp,103.246.164.0/22
jp,103.246.232.0/24
jp,103.246.252.0/22
jp,103.247.68.0/22
jp,103.247.84.0/22
jp,103.247.88.0/22
jp,103.247.181.0/24
jp,103.248.68.0/22
jp,103.248.148.0/22
jp,103.248.251.0/24
jp,103.249.184.0/22
jp,103.250.72.0/22
jp,103.250.92.0/22
jp,103.250.100.0/23
jp,103.250.200.0/22
jp,103.251.72.0/21
jp,103.251.116.0/22
jp,103.251.156.0/22
jp,103.253.76.0/22
jp,103.253.80.0/22
jp,103.253.84.0/23
jp,103.253.188.0/22
jp,103.253.216.0/22
jp,103.254.144.0/22
jp,103.255.20.0/22
jp,103.255.244.0/22
jp,104.200.112.0/20
jp,104.251.144.0/20
jp,106.72.0.0/15
jp,106.128.0.0/10
jp,107.153.0.0/16
jp,109.236.0.0/20
jp,110.0.0.0/14
jp,110.4.32.0/21
jp,110.4.48.0/20
jp,110.4.128.0/17
jp,110.5.0.0/18
jp,110.5.120.0/21
jp,110.44.20.0/22
jp,110.44.64.0/19
jp,110.44.128.0/20
jp,110.44.176.0/21
jp,110.50.0.0/20
jp,110.50.24.0/21
jp,110.50.64.0/20
jp,110.50.88.0/21
jp,110.50.96.0/19
jp,110.50.192.0/19
jp,110.50.240.0/20
jp,110.54.0.0/17
jp,110.66.0.0/15
jp,110.74.0.0/17
jp,110.74.224.0/19
jp,110.76.180.0/22
jp,110.92.0.0/20
jp,110.92.32.0/19
jp,110.92.80.0/20
jp,110.93.0.0/21
jp,110.93.96.0/20
jp,110.128.0.0/13
jp,110.158.0.0/16
jp,110.160.0.0/14
jp,110.165.128.0/17
jp,110.172.0.0/20
jp,110.172.32.0/20
jp,110.172.48.0/22
jp,110.172.56.0/21
jp,110.173.240.0/20
jp,110.232.0.0/19
jp,110.232.120.0/21
jp,110.232.128.0/21
jp,110.232.136.0/22
jp,110.232.152.0/21
jp,110.232.160.0/20
jp,110.232.192.0/19
jp,110.232.224.0/20
jp,110.233.0.0/16
jp,111.64.64.0/18
jp,111.64.128.0/17
jp,111.65.192.0/19
jp,111.67.112.0/20
jp,111.67.128.0/18
jp,111.68.16.0/21
jp,111.68.128.0/17
jp,111.86.0.0/15
jp,111.89.0.0/16
jp,111.90.0.0/17
jp,111.90.160.0/21
jp,111.91.240.0/20
jp,111.92.244.0/22
jp,111.96.0.0/12
jp,111.119.0.0/19
jp,111.125.0.0/18
jp,111.125.144.0/21
jp,111.168.0.0/15
jp,111.171.128.0/17
jp,111.188.0.0/14
jp,111.216.0.0/15
jp,111.221.60.0/22
jp,111.223.192.0/19
jp,111.232.0.0/15
jp,111.234.0.0/16
jp,111.235.0.0/18
jp,111.235.76.0/22
jp,111.236.0.0/14
jp,112.68.0.0/14
jp,112.78.112.0/20
jp,112.78.192.0/19
jp,112.109.0.0/20
jp,112.109.24.0/21
jp,112.136.0.0/17
jp,112.137.32.0/20
jp,112.137.56.0/21
jp,112.137.64.0/18
jp,112.137.144.0/20
jp,112.137.184.0/21
jp,112.137.192.0/18
jp,112.138.0.0/15
jp,112.140.0.0/18
jp,112.140.128.0/20
jp,112.140.168.0/21
jp,113.20.152.0/22
jp,113.20.160.0/19
jp,113.20.192.0/18
jp,113.21.48.0/20
jp,113.21.248.0/21
jp,113.29.216.0/21
jp,113.32.0.0/13
jp,113.40.0.0/14
jp,113.52.16.0/20
jp,113.52.156.0/22
jp,113.52.224.0/22
jp,113.52.240.0/20
jp,113.59.228.0/22
jp,113.61.112.0/20
jp,113.130.0.0/18
jp,113.144.0.0/12
jp,113.192.20.0/22
jp,113.192.128.0/17
jp,113.197.16.0/20
jp,113.197.40.0/21
jp,113.197.56.0/21
jp,113.197.128.0/17
jp,113.208.0.0/18
jp,113.212.88.0/22
jp,113.212.104.0/22
jp,113.212.128.0/19
jp,113.213.128.0/17
jp,114.16.0.0/14
jp,114.20.0.0/15
jp,114.22.0.0/16
jp,114.31.80.0/20
jp,114.31.104.0/21
jp,114.31.216.0/21
jp,114.48.0.0/14
jp,114.69.0.0/17
jp,114.69.128.0/19
jp,114.69.160.0/20
jp,114.110.48.0/20
jp,114.111.64.0/18
jp,114.129.0.0/21
jp,114.129.48.0/20
jp,114.134.28.0/22
jp,114.134.32.0/19
jp,114.134.96.0/19
jp,114.134.128.0/19
jp,114.134.192.0/18
jp,114.141.32.0/21
jp,114.142.0.0/17
jp,114.142.128.0/21
jp,114.142.176.0/20
jp,114.144.0.0/12
jp,114.160.0.0/11
jp,114.192.0.0/14
jp,114.198.192.0/19
jp,114.198.224.0/21
jp,115.30.0.0/19
jp,115.30.128.0/17
jp,115.31.0.0/18
jp,115.31.80.0/21
jp,115.31.192.0/19
jp,115.36.0.0/14
jp,115.42.96.0/20
jp,115.65.0.0/16
jp,115.69.192.0/20
jp,115.69.224.0/20
jp,115.84.184.0/21
jp,115.85.96.0/19
jp,115.85.136.0/21
jp,115.124.48.0/20
jp,115.124.128.0/17
jp,115.125.0.0/16
jp,115.126.136.0/21
jp,115.126.144.0/20
jp,115.127.224.0/19
jp,115.146.0.0/18
jp,115.162.0.0/15
jp,115.165.0.0/17
jp,115.165.128.0/19
jp,115.165.184.0/21
jp,115.166.144.0/20
jp,115.166.160.0/19
jp,115.166.192.0/18
jp,115.167.128.0/17
jp,115.176.128.0/18
jp,115.177.192.0/18
jp,115.178.112.0/21
jp,115.179.0.0/16
jp,115.187.64.0/20
jp,115.187.92.0/22
jp,116.0.128.0/17
jp,116.12.0.0/19
jp,116.50.48.0/21
jp,116.58.144.0/20
jp,116.58.160.0/19
jp,116.64.0.0/15
jp,116.67.128.0/17
jp,116.68.216.0/21
jp,116.70.128.0/17
jp,116.80.0.0/15
jp,116.82.0.0/16
jp,116.83.128.0/17
jp,116.89.192.0/19
jp,116.90.144.0/20
jp,116.90.192.0/20
jp,116.91.0.0/20
jp,116.91.32.0/19
jp,116.91.64.0/18
jp,116.91.128.0/18
jp,116.91.192.0/20
jp,116.91.224.0/19
jp,116.92.1.0/24
jp,116.92.3.0/24
jp,116.92.4.0/22
jp,116.92.8.0/23
jp,116.92.11.0/24
jp,116.92.12.0/23
jp,116.92.15.0/24
jp,116.92.16.0/20
jp,116.92.32.0/19
jp,116.92.131.0/24
jp,116.92.132.0/24
jp,116.92.134.0/23
jp,116.92.136.0/21
jp,116.92.144.0/20
jp,116.92.160.0/20
jp,116.92.176.0/21
jp,116.92.248.0/21
jp,116.93.144.0/20
jp,116.94.0.0/16
jp,116.118.192.0/19
jp,116.118.224.0/20
jp,116.193.96.0/19
jp,116.193.224.0/19
jp,116.197.136.0/21
jp,116.197.168.0/21
jp,116.199.176.0/20
jp,116.199.240.0/20
jp,116.206.68.0/22
jp,116.206.92.0/22
jp,116.206.120.0/22
jp,116.213.20.0/22
jp,116.214.16.0/21
jp,116.214.80.0/20
jp,116.220.0.0/14
jp,116.254.0.0/18
jp,116.254.64.0/19
jp,117.18.24.0/21
jp,117.18.88.0/21
jp,117.18.128.0/18
jp,117.18.192.0/19
jp,117.20.72.0/21
jp,117.20.96.0/20
jp,117.46.0.0/16
jp,117.53.0.0/19
jp,117.53.32.0/21
jp,117.55.0.0/17
jp,117.55.208.0/20
jp,117.58.144.0/20
jp,117.58.224.0/20
jp,117.74.0.0/18
jp,117.102.168.0/21
jp,117.102.176.0/20
jp,117.102.192.0/19
jp,117.103.160.0/21
jp,117.103.176.0/20
jp,117.104.0.0/17
jp,117.104.128.0/19
jp,117.108.0.0/15
jp,117.120.48.0/21
jp,118.0.0.0/12
jp,118.16.0.0/13
jp,118.27.0.0/17
jp,118.27.128.0/18
jp,118.27.224.0/19
jp,118.67.64.0/19
jp,118.67.96.0/20
jp,118.82.48.0/20
jp,118.82.64.0/18
jp,118.83.0.0/16
jp,118.86.0.0/15
jp,118.91.192.0/19
jp,118.102.40.0/21
jp,118.102.48.0/20
jp,118.103.0.0/17
jp,118.103.128.0/21
jp,118.103.188.0/22
jp,118.104.0.0/15
jp,118.106.0.0/16
jp,118.107.152.0/21
jp,118.108.0.0/14
jp,118.151.0.0/17
jp,118.151.128.0/18
jp,118.151.192.0/20
jp,118.151.224.0/19
jp,118.152.0.0/13
jp,118.177.0.0/16
jp,118.236.0.0/15
jp,118.238.0.0/16
jp,118.240.0.0/15
jp,118.243.0.0/16
jp,119.10.160.0/21
jp,119.10.184.0/21
jp,119.10.192.0/18
jp,119.15.32.0/19
jp,119.15.112.0/20
jp,119.15.144.0/21
jp,119.18.160.0/20
jp,119.18.176.0/21
jp,119.18.216.0/21
jp,119.24.0.0/15
jp,119.26.0.0/16
jp,119.27.0.0/18
jp,119.30.8.0/21
jp,119.30.192.0/18
jp,119.31.128.0/19
jp,119.47.0.0/18
jp,119.47.64.0/20
jp,119.47.96.0/20
jp,119.47.128.0/17
jp,119.59.64.0/21
jp,119.59.88.0/21
jp,119.63.16.0/20
jp,119.63.112.0/20
jp,119.63.144.0/20
jp,119.63.160.0/19
jp,119.63.192.0/21
jp,119.72.0.0/16
jp,119.75.224.0/20
jp,119.82.8.0/21
jp,119.82.16.0/20
jp,119.82.152.0/21
jp,119.82.160.0/19
jp,119.82.192.0/20
jp,119.83.0.0/16
jp,119.104.0.0/14
jp,119.110.88.0/21
jp,119.148.104.0/21
jp,119.148.192.0/18
jp,119.150.0.0/16
jp,119.161.104.0/21
jp,119.161.112.0/21
jp,119.168.0.0/13
jp,119.224.160.0/19
jp,119.224.192.0/18
jp,119.228.0.0/14
jp,119.235.104.0/21
jp,119.235.224.0/20
jp,119.238.0.0/15
jp,119.240.0.0/14
jp,119.244.0.0/15
jp,119.252.32.0/19
jp,120.29.144.0/21
jp,120.29.160.0/19
jp,120.50.160.0/20
jp,120.50.192.0/18
jp,120.51.0.0/18
jp,120.51.64.0/19
jp,120.51.128.0/17
jp,120.72.0.0/20
jp,120.72.64.0/20
jp,120.74.0.0/15
jp,120.88.16.0/20
jp,120.88.48.0/20
jp,120.89.128.0/17
jp,120.93.0.0/16
jp,120.136.8.0/21
jp,120.136.192.0/18
jp,120.137.128.0/17
jp,120.138.128.0/18
jp,120.143.0.0/17
jp,121.0.32.0/20
jp,121.0.48.0/21
jp,121.1.128.0/17
jp,121.2.0.0/15
jp,121.50.40.0/21
jp,121.50.48.0/20
jp,121.50.152.0/21
jp,121.50.160.0/21
jp,121.58.128.0/21
jp,121.58.176.0/21
jp,121.80.0.0/13
jp,121.92.0.0/16
jp,121.93.192.0/18
jp,121.94.64.0/18
jp,121.94.128.0/17
jp,121.95.64.0/18
jp,121.100.8.0/21
jp,121.100.56.0/21
jp,121.101.64.0/18
jp,121.102.0.0/15
jp,121.104.0.0/13
jp,121.112.0.0/13
jp,121.200.128.0/18
jp,121.200.200.0/21
jp,122.1.0.0/16
jp,122.16.0.0/12
jp,122.49.192.0/21
jp,122.49.232.0/21
jp,122.49.240.0/20
jp,122.50.16.0/20
jp,122.50.32.0/19
jp,122.50.64.0/18
jp,122.99.104.0/21
jp,122.100.16.0/20
jp,122.102.56.0/21
jp,122.102.128.0/17
jp,122.103.0.0/16
jp,122.128.0.0/20
jp,122.128.112.0/21
jp,122.129.160.0/19
jp,122.129.224.0/20
jp,122.130.0.0/15
jp,122.132.0.0/14
jp,122.145.0.0/16
jp,122.152.0.0/19
jp,122.152.32.0/20
jp,122.152.56.0/21
jp,122.152.64.0/19
jp,122.152.128.0/18
jp,122.196.0.0/15
jp,122.200.32.0/21
jp,122.200.128.0/22
jp,122.200.136.0/21
jp,122.200.192.0/18
jp,122.201.0.0/21
jp,122.202.16.0/20
jp,122.202.96.0/19
jp,122.208.0.0/13
jp,122.216.0.0/14
jp,122.220.0.0/15
jp,122.222.0.0/17
jp,122.222.144.0/20
jp,122.222.160.0/19
jp,122.222.192.0/18
jp,122.223.16.0/20
jp,122.223.32.0/19
jp,122.223.64.0/20
jp,122.223.112.0/20
jp,122.223.128.0/20
jp,122.223.160.0/19
jp,122.223.192.0/18
jp,122.248.64.0/19
jp,122.248.128.0/18
jp,122.249.0.0/16
jp,122.250.0.0/15
jp,122.253.0.0/16
jp,122.255.76.0/22
jp,122.255.128.0/17
jp,123.0.64.0/18
jp,123.1.0.0/17
jp,123.48.0.0/16
jp,123.50.0.0/19
jp,123.50.192.0/18
jp,123.98.144.0/20
jp,123.98.224.0/19
jp,123.100.136.0/22
jp,123.100.156.0/22
jp,123.100.192.0/19
jp,123.103.128.0/18
jp,123.103.224.0/20
jp,123.104.0.0/14
jp,123.108.84.0/22
jp,123.108.152.0/21
jp,123.108.192.0/21
jp,123.108.232.0/21
jp,123.176.48.0/21
jp,123.176.104.0/21
jp,123.176.128.0/17
jp,123.198.0.0/16
jp,123.200.32.0/19
jp,123.216.0.0/13
jp,123.224.0.0/14
jp,123.230.0.0/16
jp,123.242.208.0/20
jp,123.242.232.0/21
jp,123.253.16.0/22
jp,123.253.164.0/22
jp,123.254.0.0/18
jp,123.255.128.0/18
jp,123.255.192.0/21
jp,123.255.232.0/21
jp,123.255.240.0/21
jp,124.18.0.0/16
jp,124.24.0.0/17
jp,124.24.128.0/18
jp,124.25.64.0/18
jp,124.26.0.0/15
jp,124.32.0.0/13
jp,124.40.0.0/18
jp,124.40.64.0/19
jp,124.40.96.0/20
jp,124.41.0.0/17
jp,124.41.128.0/18
jp,124.44.0.0/15
jp,124.47.64.0/18
jp,124.47.192.0/18
jp,124.66.192.0/20
jp,124.66.224.0/19
jp,124.83.128.0/17
jp,124.84.0.0/14
jp,124.96.0.0/13
jp,124.108.32.0/21
jp,124.108.56.0/21
jp,124.108.192.0/18
jp,124.109.108.0/22
jp,124.109.128.0/17
jp,124.110.0.0/18
jp,124.110.64.0/19
jp,124.110.96.0/20
jp,124.110.128.0/17
jp,124.140.0.0/14
jp,124.144.0.0/15
jp,124.146.64.0/18
jp,124.146.128.0/17
jp,124.147.0.0/17
jp,124.150.144.0/20
jp,124.150.176.0/20
jp,124.150.192.0/18
jp,124.154.0.0/16
jp,124.155.0.0/17
jp,124.159.0.0/16
jp,124.195.144.0/20
jp,124.208.0.0/13
jp,124.219.128.0/17
jp,124.240.224.0/19
jp,124.241.0.0/16
jp,124.245.0.0/16
jp,124.246.128.0/17
jp,124.247.0.0/17
jp,124.247.128.0/18
jp,124.248.144.0/20
jp,124.255.0.0/16
jp,125.0.64.0/18
jp,125.0.128.0/17
jp,125.1.0.0/17
jp,125.1.192.0/18
jp,125.2.0.0/16
jp,125.3.0.0/18
jp,125.3.96.0/19
jp,125.3.128.0/18
jp,125.3.200.0/21
jp,125.3.208.0/20
jp,125.3.224.0/19
jp,125.4.0.0/16
jp,125.6.0.0/16
jp,125.8.0.0/13
jp,125.28.0.0/15
jp,125.30.0.0/16
jp,125.31.64.0/18
jp,125.48.0.0/13
jp,125.56.0.0/17
jp,125.58.64.0/18
jp,125.62.240.0/20
jp,125.63.32.0/20
jp,125.100.0.0/14
jp,125.170.0.0/16
jp,125.172.0.0/14
jp,125.192.0.0/12
jp,125.214.128.0/19
jp,125.215.64.0/18
jp,125.252.64.0/18
jp,125.252.128.0/18
jp,125.254.56.0/22
jp,126.0.0.0/9
jp,126.128.0.0/11
jp,126.160.0.0/12
jp,126.176.0.0/13
jp,126.184.0.0/14
jp,126.188.0.0/15
jp,126.192.0.0/12
jp,126.208.0.0/16
jp,126.209.96.0/19
jp,126.209.128.0/17
jp,126.211.0.0/16
jp,126.212.0.0/14
jp,126.216.0.0/13
jp,126.224.0.0/15
jp,126.227.0.0/16
jp,126.229.0.0/16
jp,126.230.0.0/16
jp,126.232.0.0/13
jp,126.240.0.0/15
jp,126.244.0.0/14
jp,126.248.0.0/13
jp,128.22.0.0/16
jp,128.27.0.0/16
jp,128.28.0.0/16
jp,128.53.0.0/16
jp,129.60.0.0/16
jp,129.136.0.0/16
jp,129.249.0.0/16
jp,130.34.0.0/16
jp,130.54.0.0/16
jp,130.62.0.0/16
jp,130.69.0.0/16
jp,130.87.0.0/16
jp,130.153.0.0/16
jp,130.158.0.0/16
jp,131.112.0.0/15
jp,131.129.0.0/16
jp,131.147.0.0/16
jp,131.206.0.0/16
jp,131.213.0.0/16
jp,131.248.0.0/16
jp,132.179.0.0/16
jp,132.182.0.0/16
jp,132.222.0.0/16
jp,133.0.0.0/8
jp,134.42.227.0/24
jp,134.160.0.0/16
jp,134.180.0.0/16
jp,134.237.0.0/16
jp,136.187.0.0/16
jp,136.198.0.0/16
jp,137.40.0.0/16
jp,137.59.232.0/22
jp,137.59.252.0/22
jp,137.153.0.0/16
jp,137.220.16.0/20
jp,138.64.0.0/16
jp,138.101.0.0/16
jp,138.107.0.0/16
jp,138.212.0.0/16
jp,138.243.0.0/16
jp,138.248.64.0/18
jp,139.5.168.0/22
jp,139.101.0.0/16
jp,139.152.0.0/16
jp,139.154.0.0/16
jp,140.81.0.0/16
jp,140.227.0.0/16
jp,140.235.164.0/22
jp,141.164.32.0/19
jp,141.178.0.0/16
jp,142.91.104.0/21
jp,143.90.0.0/16
jp,143.94.0.0/16
jp,143.125.0.0/16
jp,143.189.0.0/16
jp,143.201.0.0/16
jp,144.1.0.0/16
jp,144.48.8.0/22
jp,144.91.128.0/19
jp,144.91.160.0/20
jp,144.213.0.0/16
jp,146.19.19.0/24
jp,146.19.163.0/24
jp,146.51.0.0/16
jp,146.56.0.0/17
jp,146.56.128.0/18
jp,146.99.0.0/16
jp,146.117.0.0/16
jp,146.160.0.0/16
jp,147.92.128.0/17
jp,147.157.0.0/16
jp,147.176.0.0/16
jp,147.192.0.0/16
jp,148.59.57.0/24
jp,148.67.0.0/16
jp,148.68.0.0/16
jp,148.109.0.0/16
jp,148.161.0.0/16
jp,149.54.128.0/17
jp,149.234.188.0/24
jp,149.234.190.0/24
jp,150.1.0.0/16
jp,150.2.0.0/15
jp,150.4.0.0/16
jp,150.5.64.0/18
jp,150.6.0.0/15
jp,150.8.0.0/16
jp,150.9.0.0/17
jp,150.9.128.0/18
jp,150.9.192.0/20
jp,150.9.208.0/21
jp,150.9.224.0/19
jp,150.10.0.0/15
jp,150.12.0.0/14
jp,150.16.0.0/12
jp,150.32.0.0/13
jp,150.40.0.0/18
jp,150.40.64.0/21
jp,150.41.0.0/16
jp,150.42.0.0/15
jp,150.44.0.0/14
jp,150.48.0.0/17
jp,150.48.192.0/18
jp,150.49.0.0/16
jp,150.50.0.0/15
jp,150.52.0.0/14
jp,150.56.0.0/13
jp,150.64.0.0/12
jp,150.80.0.0/13
jp,150.88.0.0/14
jp,150.92.0.0/15
jp,150.94.0.0/16
jp,150.95.0.0/20
jp,150.95.20.0/22
jp,150.95.24.0/21
jp,150.95.32.0/19
jp,150.95.64.0/19
jp,150.95.96.0/21
jp,150.95.128.0/17
jp,150.96.0.0/14
jp,150.100.0.0/16
jp,150.147.0.0/16
jp,150.246.0.0/16
jp,150.249.0.0/16
jp,152.117.128.0/17
jp,152.165.0.0/16
jp,153.120.0.0/14
jp,153.124.0.0/17
jp,153.124.128.0/19
jp,153.124.168.0/21
jp,153.124.176.0/20
jp,153.124.192.0/18
jp,153.125.0.0/16
jp,153.126.0.0/15
jp,153.128.0.0/9
jp,154.8.48.0/20
jp,154.33.0.0/16
jp,154.34.0.0/16
jp,155.160.0.0/16
jp,157.1.0.0/16
jp,157.2.0.0/15
jp,157.4.0.0/16
jp,157.5.0.0/19
jp,157.5.32.0/20
jp,157.6.0.0/15
jp,157.8.0.0/15
jp,157.10.209.0/24
jp,157.11.0.0/16
jp,157.12.0.0/15
jp,157.14.0.0/17
jp,157.14.128.0/18
jp,157.14.208.0/20
jp,157.14.248.0/21
jp,157.15.54.0/23
jp,157.15.56.0/23
jp,157.15.254.0/23
jp,157.16.0.0/15
jp,157.19.0.0/16
jp,157.20.16.0/23
jp,157.20.52.0/23
jp,157.63.0.0/16
jp,157.64.0.0/15
jp,157.66.22.0/23
jp,157.66.72.0/23
jp,157.66.180.0/22
jp,157.66.254.0/23
jp,157.67.0.0/16
jp,157.68.0.0/15
jp,157.70.128.0/17
jp,157.71.0.0/16
jp,157.72.0.0/13
jp,157.80.0.0/16
jp,157.82.0.0/16
jp,157.101.0.0/16
jp,157.102.0.0/15
jp,157.104.0.0/13
jp,157.112.0.0/14
jp,157.116.0.0/15
jp,157.118.0.0/16
jp,157.119.4.0/22
jp,157.119.52.0/22
jp,157.119.64.0/22
jp,157.119.128.0/22
jp,157.120.0.0/17
jp,157.120.128.0/18
jp,157.120.192.0/21
jp,157.120.208.0/20
jp,157.120.232.0/22
jp,157.147.0.0/16
jp,157.185.192.0/18
jp,157.192.0.0/16
jp,157.205.0.0/16
jp,157.250.64.0/18
jp,157.250.128.0/19
jp,157.250.176.0/20
jp,157.250.208.0/20
jp,157.250.224.0/19
jp,158.51.108.0/22
jp,158.198.0.0/15
jp,158.200.0.0/13
jp,158.208.0.0/13
jp,158.217.0.0/16
jp,158.247.192.0/18
jp,159.28.64.0/18
jp,159.28.128.0/17
jp,159.80.0.0/16
jp,159.211.0.0/16
jp,159.228.0.0/16
jp,159.242.16.0/20
jp,160.11.0.0/16
jp,160.12.0.0/14
jp,160.16.0.0/15
jp,160.18.0.0/16
jp,160.20.44.0/22
jp,160.20.140.0/23
jp,160.21.0.0/16
jp,160.22.202.0/23
jp,160.22.228.0/23
jp,160.23.0.0/16
jp,160.24.0.0/16
jp,160.25.92.0/23
jp,160.25.134.0/23
jp,160.25.216.0/23
jp,160.26.0.0/15
jp,160.28.0.0/15
jp,160.30.228.0/24
jp,160.74.0.0/16
jp,160.86.0.0/16
jp,160.185.0.0/16
jp,160.186.0.0/16
jp,160.187.26.0/23
jp,160.187.28.0/23
jp,160.187.224.0/23
jp,160.188.0.0/15
jp,160.190.0.0/16
jp,160.191.142.0/23
jp,160.192.0.0/13
jp,160.201.0.0/16
jp,160.202.0.0/21
jp,160.203.0.0/16
jp,160.204.0.0/16
jp,160.215.0.0/16
jp,160.222.192.0/23
jp,160.233.0.0/16
jp,160.237.0.0/16
jp,160.238.1.0/24
jp,160.238.2.0/23
jp,160.238.4.0/22
jp,160.238.8.0/23
jp,160.238.10.0/24
jp,160.238.20.0/24
jp,160.238.30.0/24
jp,160.238.32.0/24
jp,160.238.40.0/24
jp,160.238.51.0/24
jp,160.238.56.0/24
jp,160.238.62.0/24
jp,160.238.100.0/24
jp,160.239.0.0/16
jp,160.240.0.0/15
jp,160.243.0.0/16
jp,160.244.0.0/14
jp,160.248.0.0/15
jp,160.250.110.0/24
jp,160.251.0.0/16
jp,160.252.0.0/16
jp,161.34.0.0/16
jp,161.75.0.0/16
jp,161.93.0.0/16
jp,161.94.0.0/15
jp,161.96.0.0/16
jp,161.248.2.0/23
jp,161.248.40.0/23
jp,162.43.0.0/17
jp,163.42.0.0/15
jp,163.44.0.0/17
jp,163.44.128.0/18
jp,163.44.196.0/22
jp,163.44.201.0/24
jp,163.44.202.0/23
jp,163.44.208.0/20
jp,163.44.224.0/19
jp,163.45.0.0/16
jp,163.46.0.0/16
jp,163.47.0.0/22
jp,163.47.19.0/24
jp,163.47.23.0/24
jp,163.47.24.0/24
jp,163.47.29.0/24
jp,163.48.0.0/14
jp,163.54.0.0/15
jp,163.56.0.0/16
jp,163.58.0.0/15
jp,163.60.0.0/16
jp,163.61.37.0/24
jp,163.61.46.0/24
jp,163.61.104.0/24
jp,163.61.206.0/23
jp,163.130.0.0/15
jp,163.132.0.0/14
jp,163.136.0.0/14
jp,163.140.0.0/15
jp,163.143.0.0/16
jp,163.144.0.0/14
jp,163.148.0.0/15
jp,163.208.0.0/14
jp,163.212.0.0/16
jp,163.214.0.0/15
jp,163.217.0.0/16
jp,163.218.0.0/15
jp,163.220.0.0/15
jp,163.224.0.0/15
jp,163.226.0.0/16
jp,163.227.1.0/24
jp,163.227.4.0/23
jp,163.227.17.0/24
jp,163.227.125.0/24
jp,163.227.180.0/23
jp,163.227.202.0/23
jp,163.227.221.0/24
jp,163.227.225.0/24
jp,163.227.226.0/23
jp,163.227.233.0/24
jp,163.227.234.0/24
jp,163.227.241.0/24
jp,163.227.242.0/23
jp,163.227.254.0/24
jp,164.43.0.0/16
jp,164.46.0.0/16
jp,164.69.0.0/16
jp,164.70.0.0/15
jp,164.161.0.0/16
jp,164.162.0.0/16
jp,165.14.0.0/16
jp,165.76.0.0/16
jp,165.93.0.0/16
jp,165.96.0.0/16
jp,165.99.146.0/23
jp,165.99.176.0/23
jp,165.99.246.0/23
jp,165.100.0.0/17
jp,165.100.128.0/19
jp,165.100.176.0/20
jp,165.100.192.0/18
jp,165.101.0.0/22
jp,165.101.8.0/24
jp,165.101.85.0/24
jp,165.102.0.0/16
jp,165.108.0.0/16
jp,165.173.184.0/23
jp,165.241.0.0/16
jp,165.242.0.0/16
jp,166.100.0.0/16
jp,166.118.0.0/15
jp,167.169.0.0/16
jp,170.105.0.0/16
jp,170.199.246.0/24
jp,170.249.64.0/21
jp,170.249.96.0/19
jp,171.2.0.0/15
jp,172.86.208.0/20
jp,172.122.0.0/15
jp,173.234.64.0/22
jp,175.28.4.0/22
jp,175.28.16.0/20
jp,175.28.48.0/20
jp,175.28.128.0/17
jp,175.41.32.0/21
jp,175.41.64.0/18
jp,175.41.192.0/18
jp,175.45.136.0/21
jp,175.45.168.0/21
jp,175.100.208.0/20
jp,175.100.224.0/19
jp,175.103.0.0/20
jp,175.103.128.0/17
jp,175.104.0.0/15
jp,175.108.0.0/15
jp,175.111.64.0/20
jp,175.111.80.0/21
jp,175.111.92.0/22
jp,175.111.120.0/21
jp,175.128.0.0/13
jp,175.158.112.0/20
jp,175.176.196.0/22
jp,175.177.0.0/16
jp,175.179.0.0/16
jp,175.184.0.0/17
jp,176.118.178.0/24
jp,180.0.0.0/10
jp,180.92.16.0/20
jp,180.92.32.0/19
jp,180.94.1.0/24
jp,180.94.6.0/24
jp,180.94.40.0/21
jp,180.94.192.0/20
jp,180.94.208.0/21
jp,180.94.240.0/20
jp,180.131.64.0/18
jp,180.131.136.0/21
jp,180.131.152.0/21
jp,180.131.192.0/18
jp,180.144.0.0/14
jp,180.148.28.0/22
jp,180.148.144.0/21
jp,180.148.160.0/20
jp,180.148.184.0/21
jp,180.148.192.0/20
jp,180.149.160.0/19
jp,180.149.200.0/24
jp,180.149.202.0/23
jp,180.149.204.0/22
jp,180.178.68.0/22
jp,180.178.80.0/21
jp,180.178.88.0/22
jp,180.188.208.0/20
jp,180.189.0.0/20
jp,180.189.32.0/20
jp,180.189.48.0/22
jp,180.189.56.0/21
jp,180.189.128.0/21
jp,180.189.224.0/19
jp,180.196.0.0/14
jp,180.200.0.0/17
jp,180.200.224.0/21
jp,180.200.248.0/22
jp,180.211.72.0/21
jp,180.211.84.0/22
jp,180.214.0.0/18
jp,180.214.224.0/21
jp,180.220.0.0/15
jp,180.222.32.0/19
jp,180.222.72.0/21
jp,180.222.80.0/20
jp,180.222.176.0/20
jp,180.233.96.0/20
jp,180.233.132.0/22
jp,180.233.136.0/21
jp,180.235.0.0/18
jp,180.235.96.0/21
jp,180.235.124.0/22
jp,180.235.140.0/22
jp,180.235.144.0/22
jp,180.235.224.0/19
jp,182.16.224.0/21
jp,182.16.236.0/22
jp,182.20.0.0/15
jp,182.22.0.0/16
jp,182.23.208.0/22
jp,182.23.216.0/21
jp,182.23.224.0/19
jp,182.48.0.0/18
jp,182.50.96.0/20
jp,182.50.164.0/22
jp,182.50.172.0/22
jp,182.50.192.0/19
jp,182.50.224.0/20
jp,182.54.176.0/20
jp,182.54.240.0/22
jp,182.54.248.0/21
jp,182.93.96.0/19
jp,182.158.0.0/15
jp,182.160.192.0/18
jp,182.161.76.0/22
jp,182.163.0.0/18
jp,182.163.64.0/19
jp,182.164.0.0/14
jp,182.168.0.0/14
jp,182.173.128.0/19
jp,182.236.0.0/18
jp,182.236.64.0/19
jp,182.236.96.0/20
jp,182.248.0.0/14
jp,182.255.64.0/20
jp,183.72.0.0/14
jp,183.76.0.0/15
jp,183.78.188.0/22
jp,183.79.0.0/16
jp,183.81.176.0/22
jp,183.86.0.0/17
jp,183.86.128.0/18
jp,183.90.176.0/21
jp,183.90.192.0/18
jp,183.91.96.0/19
jp,183.176.0.0/16
jp,183.177.0.0/19
jp,183.177.32.0/20
jp,183.177.128.0/17
jp,183.180.0.0/15
jp,183.182.32.0/19
jp,183.182.128.0/17
jp,183.183.0.0/16
jp,185.164.244.0/22
jp,185.217.5.0/24
jp,185.254.240.0/22
jp,192.5.216.0/24
jp,192.16.178.0/23
jp,192.26.91.0/24
jp,192.26.93.0/24
jp,192.26.94.0/24
jp,192.26.96.0/24
jp,192.31.116.0/22
jp,192.31.120.0/22
jp,192.31.124.0/24
jp,192.31.197.0/24
jp,192.31.198.0/23
jp,192.31.200.0/22
jp,192.31.204.0/23
jp,192.31.206.0/24
jp,192.33.135.0/24
jp,192.41.178.0/23
jp,192.41.180.0/22
jp,192.41.184.0/21
jp,192.41.192.0/22
jp,192.41.196.0/23
jp,192.42.103.0/24
jp,192.42.104.0/22
jp,192.43.189.0/24
jp,192.47.0.0/20
jp,192.47.16.0/21
jp,192.47.24.0/22
jp,192.47.29.0/24
jp,192.47.30.0/23
jp,192.47.32.0/22
jp,192.47.37.0/24
jp,192.47.38.0/23
jp,192.47.40.0/21
jp,192.47.48.0/20
jp,192.47.64.0/18
jp,192.47.128.0/18
jp,192.47.192.0/19
jp,192.47.224.0/20
jp,192.47.240.0/23
jp,192.50.0.0/16
jp,192.51.16.0/20
jp,192.51.32.0/20
jp,192.51.49.0/24
jp,192.51.50.0/23
jp,192.51.52.0/22
jp,192.51.56.0/21
jp,192.51.64.0/18
jp,192.51.128.0/19
jp,192.51.160.0/21
jp,192.51.168.0/22
jp,192.51.176.0/21
jp,192.51.184.0/22
jp,192.51.189.0/24
jp,192.51.190.0/23
jp,192.51.194.0/23
jp,192.51.196.0/22
jp,192.51.200.0/21
jp,192.51.208.0/20
jp,192.51.224.0/20
jp,192.51.241.0/24
jp,192.51.242.0/23
jp,192.51.244.0/22
jp,192.51.248.0/22
jp,192.51.253.0/24
jp,192.51.255.0/24
jp,192.52.119.0/24
jp,192.52.120.0/21
jp,192.52.128.0/20
jp,192.52.144.0/22
jp,192.52.148.0/23
jp,192.52.150.0/24
jp,192.55.118.0/24
jp,192.58.9.0/24
jp,192.58.10.0/23
jp,192.58.12.0/22
jp,192.58.16.0/23
jp,192.58.18.0/24
jp,192.68.235.0/24
jp,192.68.236.0/22
jp,192.68.240.0/21
jp,192.68.248.0/23
jp,192.76.252.0/23
jp,192.76.254.0/24
jp,192.83.217.0/24
jp,192.83.218.0/23
jp,192.84.71.0/24
jp,192.84.72.0/23
jp,192.92.248.0/21
jp,192.104.172.0/24
jp,192.104.247.0/24
jp,192.135.92.0/24
jp,192.135.94.0/24
jp,192.135.96.0/24
jp,192.135.101.0/24
jp,192.135.103.0/24
jp,192.135.104.0/22
jp,192.135.108.0/24
jp,192.146.184.0/24
jp,192.152.69.0/24
jp,192.152.212.0/24
jp,192.153.95.0/24
jp,192.153.96.0/20
jp,192.153.112.0/23
jp,192.153.114.0/24
jp,192.154.16.0/24
jp,192.154.24.0/23
jp,192.156.141.0/24
jp,192.156.143.0/24
jp,192.156.145.0/24
jp,192.156.146.0/23
jp,192.156.148.0/22
jp,192.156.154.0/24
jp,192.156.158.0/23
jp,192.172.227.0/24
jp,192.172.228.0/22
jp,192.172.235.0/24
jp,192.172.236.0/23
jp,192.172.241.0/24
jp,192.172.242.0/23
jp,192.174.128.0/17
jp,192.188.73.0/24
jp,192.188.74.0/23
jp,192.188.76.0/22
jp,192.188.92.0/24
jp,192.218.0.0/16
jp,192.244.0.0/16
jp,193.82.0.0/19
jp,193.82.64.0/19
jp,193.82.160.0/19
jp,193.104.4.0/24
jp,193.114.0.0/18
jp,193.114.64.0/19
jp,193.114.192.0/18
jp,193.115.0.0/18
jp,193.115.128.0/18
jp,193.116.0.0/18
jp,193.117.0.0/19
jp,193.117.64.0/18
jp,193.118.0.0/19
jp,193.118.64.0/19
jp,193.119.128.0/17
jp,194.50.154.0/24
jp,194.91.0.0/16
jp,194.116.227.0/24
jp,194.117.52.128/26
jp,194.193.64.0/18
jp,194.193.224.0/19
jp,194.223.96.0/19
jp,194.223.140.0/22
jp,194.223.144.0/20
jp,194.223.192.0/18
jp,194.246.40.0/22
jp,195.78.48.0/23
jp,195.181.224.0/20
jp,198.56.20.0/23
jp,198.73.220.0/24
jp,198.74.24.0/23
jp,198.144.128.0/20
jp,198.144.160.0/20
jp,198.180.142.0/24
jp,198.204.78.0/24
jp,199.43.18.0/24
jp,199.67.71.0/24
jp,199.103.103.0/24
jp,199.230.100.0/22
jp,202.0.65.0/24
jp,202.0.66.0/24
jp,202.0.72.0/23
jp,202.0.76.0/24
jp,202.1.4.0/24
jp,202.1.208.0/20
jp,202.2.88.0/22
jp,202.2.128.0/17
jp,202.3.140.0/22
jp,202.3.144.0/20
jp,202.4.244.0/22
jp,202.4.248.0/23
jp,202.4.250.0/24
jp,202.5.64.0/20
jp,202.5.220.0/22
jp,202.6.8.0/21
jp,202.6.68.0/22
jp,202.6.119.0/24
jp,202.6.244.0/22
jp,202.6.252.0/22
jp,202.7.16.0/20
jp,202.7.96.0/19
jp,202.8.6.0/23
jp,202.8.16.0/21
jp,202.8.26.0/23
jp,202.8.48.0/20
jp,202.8.80.0/22
jp,202.8.208.0/20
jp,202.9.208.0/20
jp,202.10.96.0/20
jp,202.11.0.0/16
jp,202.12.8.0/21
jp,202.12.27.0/24
jp,202.12.30.0/24
jp,202.12.64.0/22
jp,202.12.244.0/22
jp,202.13.0.0/16
jp,202.14.224.0/24
jp,202.15.0.0/16
jp,202.16.0.0/14
jp,202.20.115.0/24
jp,202.20.116.0/24
jp,202.20.123.0/24
jp,202.20.124.0/24
jp,202.21.145.0/24
jp,202.21.146.0/24
jp,202.21.160.0/20
jp,202.22.64.0/18
jp,202.22.208.0/20
jp,202.23.0.0/16
jp,202.24.0.0/15
jp,202.26.0.0/16
jp,202.32.0.0/14
jp,202.37.173.0/24
jp,202.41.134.0/23
jp,202.41.208.0/20
jp,202.42.0.0/19
jp,202.42.38.0/24
jp,202.42.41.0/24
jp,202.42.42.0/24
jp,202.42.45.0/24
jp,202.42.46.0/24
jp,202.42.50.0/24
jp,202.42.52.0/23
jp,202.42.55.0/24
jp,202.42.57.0/24
jp,202.42.58.0/24
jp,202.42.60.0/22
jp,202.42.64.0/23
jp,202.42.66.0/24
jp,202.42.68.0/23
jp,202.42.71.0/24
jp,202.42.72.0/21
jp,202.42.80.0/20
jp,202.42.104.0/21
jp,202.42.112.0/20
jp,202.42.136.0/22
jp,202.42.140.0/24
jp,202.42.148.0/24
jp,202.42.150.0/23
jp,202.42.153.0/24
jp,202.42.156.0/24
jp,202.42.160.0/24
jp,202.42.162.0/23
jp,202.42.164.0/24
jp,202.42.167.0/24
jp,202.42.168.0/23
jp,202.42.172.0/24
jp,202.42.174.0/24
jp,202.42.177.0/24
jp,202.42.178.0/23
jp,202.42.180.0/23
jp,202.42.183.0/24
jp,202.42.184.0/22
jp,202.42.188.0/23
jp,202.42.202.0/24
jp,202.42.204.0/24
jp,202.42.206.0/23
jp,202.42.212.0/23
jp,202.42.214.0/24
jp,202.42.216.0/23
jp,202.42.218.0/24
jp,202.42.222.0/23
jp,202.42.224.0/23
jp,202.42.227.0/24
jp,202.42.229.0/24
jp,202.42.230.0/24
jp,202.42.232.0/24
jp,202.42.234.0/23
jp,202.42.238.0/24
jp,202.43.16.0/20
jp,202.43.68.0/22
jp,202.43.96.0/22
jp,202.43.104.0/22
jp,202.43.240.0/21
jp,202.45.12.0/24
jp,202.45.129.0/24
jp,202.45.160.0/20
jp,202.47.8.0/21
jp,202.47.16.0/20
jp,202.47.136.0/22
jp,202.47.187.0/24
jp,202.48.0.0/16
jp,202.51.4.0/22
jp,202.51.8.0/21
jp,202.51.32.0/20
jp,202.51.48.0/21
jp,202.52.16.0/20
jp,202.52.38.0/24
jp,202.52.151.0/24
jp,202.52.154.0/24
jp,202.52.176.0/20
jp,202.53.16.0/20
jp,202.53.112.0/20
jp,202.53.208.0/20
jp,202.55.112.0/20
jp,202.55.136.0/22
jp,202.55.192.0/19
jp,202.56.16.0/20
jp,202.56.64.0/20
jp,202.57.224.0/20
jp,202.58.1.0/24
jp,202.58.4.0/22
jp,202.58.116.0/22
jp,202.58.144.0/20
jp,202.58.234.0/24
jp,202.59.112.0/20
jp,202.59.144.0/21
jp,202.59.176.0/20
jp,202.59.234.0/23
jp,202.60.16.0/20
jp,202.60.32.0/20
jp,202.60.160.0/19
jp,202.61.1.0/24
jp,202.61.16.0/20
jp,202.62.160.0/19
jp,202.62.253.0/24
jp,202.64.25.0/24
jp,202.64.56.0/24
jp,202.64.63.0/24
jp,202.64.64.0/23
jp,202.64.87.0/24
jp,202.64.100.0/24
jp,202.64.102.0/23
jp,202.64.109.0/24
jp,202.64.110.0/23
jp,202.64.121.0/24
jp,202.64.123.0/24
jp,202.64.128.0/24
jp,202.64.131.0/24
jp,202.64.137.0/24
jp,202.64.139.0/24
jp,202.64.156.0/24
jp,202.64.174.0/24
jp,202.64.179.0/24
jp,202.64.192.0/24
jp,202.64.210.0/24
jp,202.64.234.0/24
jp,202.64.240.0/24
jp,202.67.16.0/20
jp,202.67.48.0/20
jp,202.69.112.0/20
jp,202.69.224.0/20
jp,202.70.140.0/24
jp,202.70.176.0/20
jp,202.70.208.0/20
jp,202.70.224.0/19
jp,202.71.48.0/20
jp,202.71.64.0/19
jp,202.72.48.0/20
jp,202.72.64.0/20
jp,202.72.100.0/24
jp,202.73.64.0/19
jp,202.73.136.0/21
jp,202.73.208.0/20
jp,202.74.4.0/22
jp,202.74.16.0/20
jp,202.74.47.0/24
jp,202.74.253.0/24
jp,202.75.8.0/21
jp,202.75.112.0/20
jp,202.75.224.0/20
jp,202.76.192.0/19
jp,202.78.176.0/20
jp,202.78.208.0/20
jp,202.78.248.0/23
jp,202.78.250.0/24
jp,202.79.0.0/20
jp,202.79.64.0/18
jp,202.79.128.0/19
jp,202.79.240.0/21
jp,202.80.96.0/21
jp,202.80.152.0/21
jp,202.81.8.0/21
jp,202.81.80.0/20
jp,202.83.128.0/19
jp,202.83.184.0/21
jp,202.83.224.0/20
jp,202.84.18.0/23
jp,202.84.48.0/20
jp,202.84.80.0/20
jp,202.86.56.0/21
jp,202.86.120.0/21
jp,202.86.224.0/20
jp,202.86.240.0/21
jp,202.87.64.0/20
jp,202.87.224.0/20
jp,202.88.48.0/20
jp,202.88.192.0/21
jp,202.89.80.0/20
jp,202.89.112.0/22
jp,202.89.240.0/21
jp,202.90.8.0/21
jp,202.90.176.0/20
jp,202.90.208.0/20
jp,202.91.48.0/20
jp,202.91.112.0/20
jp,202.91.144.0/20
jp,202.91.208.0/20
jp,202.93.64.0/19
jp,202.93.144.0/21
jp,202.94.48.0/20
jp,202.94.86.0/24
jp,202.94.128.0/19
jp,202.94.176.0/20
jp,202.94.192.0/19
jp,202.95.32.0/19
jp,202.95.160.0/19
jp,202.95.208.0/20
jp,202.95.248.0/23
jp,202.122.24.0/21
jp,202.122.48.0/20
jp,202.122.136.0/21
jp,202.122.176.0/20
jp,202.122.192.0/18
jp,202.123.184.0/21
jp,202.124.0.0/20
jp,202.124.48.0/20
jp,202.124.208.0/20
jp,202.125.48.0/20
jp,202.126.16.0/20
jp,202.126.224.0/19
jp,202.127.80.0/20
jp,202.127.176.0/20
jp,202.129.176.0/21
jp,202.129.254.0/24
jp,202.130.60.0/22
jp,202.131.8.0/21
jp,202.131.192.0/20
jp,202.133.112.0/20
jp,202.135.0.0/16
jp,202.136.192.0/20
jp,202.137.32.0/19
jp,202.137.184.0/21
jp,202.138.80.0/20
jp,202.140.0.0/19
jp,202.140.192.0/19
jp,202.141.192.0/20
jp,202.142.8.0/21
jp,202.142.224.0/19
jp,202.143.2.0/23
jp,202.143.8.0/21
jp,202.143.64.0/19
jp,202.143.192.0/18
jp,202.144.224.0/19
jp,202.145.16.0/20
jp,202.146.16.0/21
jp,202.147.0.0/18
jp,202.147.208.0/20
jp,202.148.240.0/20
jp,202.149.0.0/20
jp,202.149.16.0/21
jp,202.150.12.0/22
jp,202.150.48.0/21
jp,202.151.96.0/19
jp,202.152.96.0/19
jp,202.152.208.0/20
jp,202.157.0.0/18
jp,202.157.96.0/19
jp,202.157.224.0/19
jp,202.158.224.0/20
jp,202.161.192.0/18
jp,202.162.80.0/20
jp,202.162.112.0/20
jp,202.162.128.0/19
jp,202.163.160.0/19
jp,202.164.64.0/19
jp,202.164.224.0/19
jp,202.165.48.0/21
jp,202.165.112.0/21
jp,202.165.160.0/20
jp,202.166.185.0/24
jp,202.167.224.0/19
jp,202.168.216.0/21
jp,202.169.64.0/19
jp,202.169.128.0/19
jp,202.169.184.0/21
jp,202.170.96.0/20
jp,202.170.176.0/20
jp,202.170.208.0/21
jp,202.171.80.0/20
jp,202.171.112.0/20
jp,202.171.128.0/19
jp,202.171.224.0/21
jp,202.172.24.0/21
jp,202.172.64.0/19
jp,202.173.5.0/24
jp,202.173.96.0/20
jp,202.174.48.0/20
jp,202.174.192.0/19
jp,202.175.144.0/20
jp,202.176.8.0/22
jp,202.176.16.0/20
jp,202.176.32.0/19
jp,202.177.32.0/21
jp,202.177.48.0/20
jp,202.177.64.0/18
jp,202.177.192.0/20
jp,202.178.80.0/20
jp,202.178.96.0/20
jp,202.179.32.0/19
jp,202.179.192.0/19
jp,202.179.224.0/20
jp,202.180.32.0/20
jp,202.180.56.0/21
jp,202.180.176.0/20
jp,202.180.192.0/20
jp,202.181.96.0/20
jp,202.183.48.0/20
jp,202.183.80.0/20
jp,202.189.144.0/20
jp,202.189.176.0/21
jp,202.189.192.0/19
jp,202.191.16.0/20
jp,202.191.112.0/21
jp,202.208.0.0/12
jp,202.224.0.0/11
jp,203.9.176.0/21
jp,203.14.212.0/24
jp,203.17.52.0/24
jp,203.17.188.0/24
jp,203.23.200.0/22
jp,203.28.151.0/24
jp,203.34.81.0/24
jp,203.76.64.0/19
jp,203.76.164.0/22
jp,203.77.184.0/21
jp,203.78.192.0/20
jp,203.78.224.0/19
jp,203.79.48.0/20
jp,203.80.6.0/23
jp,203.80.24.0/21
jp,203.81.12.0/22
jp,203.81.40.0/21
jp,203.81.112.0/20
jp,203.82.128.0/19
jp,203.83.240.0/21
jp,203.86.224.0/21
jp,203.86.240.0/21
jp,203.86.248.0/23
jp,203.88.176.0/20
jp,203.89.32.0/19
jp,203.89.128.0/22
jp,203.90.16.0/21
jp,203.91.160.0/19
jp,203.92.16.0/21
jp,203.92.208.0/20
jp,203.95.16.0/20
jp,203.95.32.0/19
jp,203.96.236.0/22
jp,203.99.0.0/21
jp,203.99.72.0/21
jp,203.99.224.0/21
jp,203.99.240.0/21
jp,203.100.128.0/19
jp,203.104.96.0/19
jp,203.104.128.0/19
jp,203.104.192.0/18
jp,203.105.64.0/19
jp,203.110.96.0/19
jp,203.110.224.0/21
jp,203.111.192.0/20
jp,203.111.240.0/21
jp,203.112.0.0/18
jp,203.112.64.0/21
jp,203.114.0.0/18
jp,203.114.192.0/19
jp,203.114.228.0/22
jp,203.114.248.0/22
jp,203.118.252.0/22
jp,203.119.1.0/24
jp,203.119.16.0/22
jp,203.119.22.0/23
jp,203.119.40.0/24
jp,203.120.1.0/24
jp,203.120.2.0/23
jp,203.120.4.0/23
jp,203.120.6.0/24
jp,203.120.17.0/24
jp,203.120.20.0/22
jp,203.120.27.0/24
jp,203.120.28.0/22
jp,203.120.32.0/23
jp,203.120.36.0/22
jp,203.120.41.0/24
jp,203.120.42.0/24
jp,203.120.45.0/24
jp,203.120.46.0/23
jp,203.120.48.0/22
jp,203.120.52.0/24
jp,203.120.55.0/24
jp,203.120.56.0/23
jp,203.120.59.0/24
jp,203.120.60.0/23
jp,203.120.63.0/24
jp,203.120.64.0/22
jp,203.120.68.0/24
jp,203.120.70.0/24
jp,203.120.72.0/22
jp,203.120.76.0/24
jp,203.120.78.0/23
jp,203.120.80.0/24
jp,203.120.82.0/23
jp,203.120.84.0/23
jp,203.120.87.0/24
jp,203.120.88.0/24
jp,203.120.91.0/24
jp,203.120.94.0/23
jp,203.120.96.0/22
jp,203.120.100.0/24
jp,203.120.102.0/24
jp,203.120.104.0/22
jp,203.120.108.0/23
jp,203.120.111.0/24
jp,203.120.120.0/24
jp,203.120.122.0/23
jp,203.120.125.0/24
jp,203.120.127.0/24
jp,203.120.130.0/23
jp,203.120.136.0/24
jp,203.120.138.0/23
jp,203.120.142.0/23
jp,203.120.146.0/23
jp,203.120.148.0/24
jp,203.120.150.0/23
jp,203.120.154.0/23
jp,203.120.156.0/24
jp,203.120.158.0/24
jp,203.120.160.0/22
jp,203.120.164.0/24
jp,203.120.166.0/23
jp,203.120.170.0/23
jp,203.120.173.0/24
jp,203.120.174.0/24
jp,203.120.177.0/24
jp,203.120.180.0/24
jp,203.120.182.0/24
jp,203.120.184.0/23
jp,203.120.186.0/24
jp,203.120.188.0/24
jp,203.120.190.0/23
jp,203.120.193.0/24
jp,203.120.194.0/23
jp,203.120.197.0/24
jp,203.120.199.0/24
jp,203.120.200.0/24
jp,203.120.204.0/23
jp,203.120.207.0/24
jp,203.120.209.0/24
jp,203.120.211.0/24
jp,203.120.213.0/24
jp,203.120.217.0/24
jp,203.120.220.0/23
jp,203.120.224.0/22
jp,203.120.235.0/24
jp,203.120.237.0/24
jp,203.120.238.0/24
jp,203.120.240.0/23
jp,203.120.245.0/24
jp,203.120.246.0/24
jp,203.120.250.0/24
jp,203.120.255.0/24
jp,203.121.146.0/23
jp,203.121.154.0/23
jp,203.121.156.0/23
jp,203.121.158.0/24
jp,203.121.167.0/24
jp,203.121.170.0/24
jp,203.121.175.0/24
jp,203.121.176.0/23
jp,203.121.181.0/24
jp,203.121.183.0/24
jp,203.121.184.0/24
jp,203.121.187.0/24
jp,203.121.189.0/24
jp,203.121.190.0/23
jp,203.124.6.0/23
jp,203.124.64.0/19
jp,203.129.96.0/19
jp,203.129.160.0/19
jp,203.131.192.0/20
jp,203.131.240.0/20
jp,203.132.96.0/19
jp,203.133.128.0/19
jp,203.133.192.0/19
jp,203.133.224.0/20
jp,203.133.240.0/21
jp,203.133.248.0/22
jp,203.135.192.0/18
jp,203.136.0.0/14
jp,203.140.0.0/15
jp,203.142.10.0/24
jp,203.142.192.0/20
jp,203.142.208.0/21
jp,203.143.96.0/19
jp,203.145.96.0/20
jp,203.145.120.0/21
jp,203.145.224.0/19
jp,203.147.112.0/20
jp,203.148.96.0/19
jp,203.149.96.0/20
jp,203.152.5.0/24
jp,203.152.10.0/24
jp,203.152.15.0/24
jp,203.152.21.0/24
jp,203.152.23.0/24
jp,203.152.38.0/24
jp,203.152.41.0/24
jp,203.152.45.0/24
jp,203.152.46.0/24
jp,203.152.51.0/24
jp,203.152.52.0/24
jp,203.152.54.0/24
jp,203.152.59.0/24
jp,203.152.60.0/23
jp,203.152.192.0/19
jp,203.153.56.0/22
jp,203.153.64.0/20
jp,203.160.16.0/20
jp,203.163.0.0/17
jp,203.165.0.0/16
jp,203.167.32.0/19
jp,203.168.64.0/18
jp,203.169.8.0/21
jp,203.170.32.0/20
jp,203.170.52.0/22
jp,203.170.90.0/23
jp,203.171.8.0/21
jp,203.171.128.0/19
jp,203.171.212.0/22
jp,203.173.64.0/20
jp,203.173.80.0/21
jp,203.174.64.0/20
jp,203.174.88.0/21
jp,203.174.192.0/18
jp,203.175.16.0/20
jp,203.175.80.0/20
jp,203.178.0.0/15
jp,203.180.0.0/14
jp,203.184.96.0/19
jp,203.188.208.0/21
jp,203.189.32.0/19
jp,203.189.96.0/20
jp,203.189.232.0/22
jp,203.190.28.0/22
jp,203.190.224.0/20
jp,203.191.136.0/21
jp,203.191.208.0/20
jp,203.191.224.0/19
jp,203.192.96.0/19
jp,203.192.128.0/18
jp,203.194.64.0/19
jp,203.196.16.0/21
jp,203.196.64.0/20
jp,203.196.80.0/21
jp,203.196.88.0/23
jp,203.196.91.0/24
jp,203.196.96.0/19
jp,203.201.52.0/22
jp,203.202.192.0/19
jp,203.205.96.0/19
jp,203.207.48.0/22
jp,203.208.23.0/24
jp,203.209.144.0/20
jp,203.209.176.0/22
jp,203.209.184.0/22
jp,203.210.88.0/22
jp,203.211.32.0/20
jp,203.211.48.0/21
jp,203.211.160.0/19
jp,203.211.192.0/18
jp,203.212.32.0/19
jp,203.213.160.0/19
jp,203.215.56.0/22
jp,203.215.224.0/21
jp,203.216.0.0/17
jp,203.216.128.0/19
jp,203.216.192.0/18
jp,203.217.156.0/22
jp,203.217.180.0/22
jp,203.222.208.0/20
jp,203.222.224.0/19
jp,203.223.24.0/21
jp,203.223.48.0/20
jp,203.223.64.0/20
jp,203.223.80.0/21
jp,203.223.180.0/22
jp,204.79.157.0/24
jp,204.79.158.0/24
jp,204.79.218.0/24
jp,204.231.230.0/24
jp,204.231.251.0/24
jp,204.231.252.0/24
jp,206.3.0.0/19
jp,207.65.128.0/17
jp,208.111.48.0/21
jp,209.17.64.0/19
jp,209.107.140.0/22
jp,209.131.124.0/23
jp,210.1.144.0/20
jp,210.1.160.0/19
jp,210.1.236.0/22
jp,210.2.192.0/18
jp,210.4.160.0/19
jp,210.4.240.0/20
jp,210.7.96.0/19
jp,210.7.128.0/17
jp,210.14.48.0/20
jp,210.17.161.0/24
jp,210.17.222.0/24
jp,210.20.0.0/16
jp,210.24.8.0/21
jp,210.24.16.0/21
jp,210.24.48.0/24
jp,210.24.50.0/23
jp,210.24.53.0/24
jp,210.24.55.0/24
jp,210.24.65.0/24
jp,210.24.66.0/23
jp,210.24.68.0/22
jp,210.24.72.0/21
jp,210.24.80.0/23
jp,210.24.84.0/23
jp,210.24.87.0/24
jp,210.24.88.0/21
jp,210.24.130.0/23
jp,210.24.132.0/24
jp,210.24.134.0/24
jp,210.24.139.0/24
jp,210.24.141.0/24
jp,210.24.143.0/24
jp,210.24.144.0/24
jp,210.24.147.0/24
jp,210.24.148.0/24
jp,210.24.151.0/24
jp,210.24.152.0/22
jp,210.24.157.0/24
jp,210.24.158.0/23
jp,210.24.161.0/24
jp,210.24.164.0/24
jp,210.24.166.0/24
jp,210.24.168.0/23
jp,210.24.173.0/24
jp,210.24.175.0/24
jp,210.24.176.0/21
jp,210.24.184.0/24
jp,210.24.186.0/24
jp,210.24.188.0/24
jp,210.24.191.0/24
jp,210.24.193.0/24
jp,210.24.194.0/23
jp,210.24.196.0/24
jp,210.24.199.0/24
jp,210.24.200.0/23
jp,210.24.204.0/24
jp,210.24.206.0/23
jp,210.24.213.0/24
jp,210.24.215.0/24
jp,210.24.217.0/24
jp,210.24.220.0/22
jp,210.24.225.0/24
jp,210.24.227.0/24
jp,210.24.231.0/24
jp,210.24.233.0/24
jp,210.24.235.0/24
jp,210.24.239.0/24
jp,210.24.241.0/24
jp,210.24.243.0/24
jp,210.24.247.0/24
jp,210.24.248.0/21
jp,210.48.128.0/21
jp,210.48.224.0/19
jp,210.56.160.0/19
jp,210.79.0.0/20
jp,210.79.32.0/20
jp,210.79.192.0/20
jp,210.80.192.0/18
jp,210.81.0.0/16
jp,210.87.98.0/24
jp,210.87.224.0/20
jp,210.88.0.0/19
jp,210.88.32.0/20
jp,210.88.48.0/21
jp,210.88.64.0/18
jp,210.88.128.0/18
jp,210.88.192.0/19
jp,210.88.224.0/21
jp,210.88.232.0/23
jp,210.88.236.0/22
jp,210.88.240.0/20
jp,210.89.0.0/19
jp,210.89.96.0/22
jp,210.89.100.0/23
jp,210.89.104.0/21
jp,210.89.112.0/20
jp,210.89.192.0/18
jp,210.128.0.0/11
jp,210.160.0.0/12
jp,210.185.128.0/19
jp,210.188.0.0/14
jp,210.193.64.0/18
jp,210.194.0.0/16
jp,210.196.0.0/14
jp,210.203.192.0/18
jp,210.211.32.0/20
jp,210.211.48.0/21
jp,210.224.0.0/12
jp,210.247.0.0/17
jp,210.248.0.0/13
jp,211.0.0.0/12
jp,211.16.0.0/14
jp,211.120.0.0/13
jp,211.128.0.0/13
jp,212.237.152.0/21
jp,213.18.0.0/17
jp,213.139.232.0/22
jp,216.8.0.0/19
jp,216.122.112.0/20
jp,216.153.64.0/18
jp,216.171.112.0/20
jp,216.247.96.0/20
jp,216.255.224.0/20
jp,217.178.0.0/16
jp,218.33.128.0/17
jp,218.40.0.0/13
jp,218.100.5.0/24
jp,218.100.6.0/23
jp,218.100.8.0/23
jp,218.100.15.0/24
jp,218.100.42.0/24
jp,218.100.45.0/24
jp,218.100.67.0/24
jp,218.110.0.0/16
jp,218.112.0.0/12
jp,218.128.0.0/12
jp,218.176.0.0/13
jp,218.185.128.0/18
jp,218.216.0.0/13
jp,218.224.0.0/13
jp,218.251.0.0/16
jp,219.0.0.0/10
jp,219.66.0.0/15
jp,219.73.128.0/17
jp,219.75.128.0/17
jp,219.94.128.0/17
jp,219.96.0.0/11
jp,219.160.0.0/11
jp,219.192.0.0/12
jp,219.208.0.0/13
jp,220.0.0.0/11
jp,220.32.0.0/14
jp,220.38.0.0/15
jp,220.40.0.0/13
jp,220.48.0.0/12
jp,220.96.0.0/14
jp,220.100.0.0/16
jp,220.102.0.0/16
jp,220.104.0.0/13
jp,220.144.0.0/14
jp,220.148.0.0/16
jp,220.150.0.0/15
jp,220.152.0.0/18
jp,220.152.64.0/19
jp,220.152.96.0/20
jp,220.152.120.0/21
jp,220.153.0.0/16
jp,220.156.0.0/17
jp,220.156.128.0/19
jp,220.156.192.0/18
jp,220.157.0.0/18
jp,220.157.128.0/17
jp,220.158.0.0/19
jp,220.158.48.0/20
jp,220.158.80.0/20
jp,220.158.96.0/19
jp,220.158.248.0/22
jp,220.159.0.0/16
jp,220.208.0.0/12
jp,220.232.132.0/22
jp,220.232.156.0/22
jp,220.232.162.0/23
jp,220.232.164.0/23
jp,220.232.180.0/22
jp,220.232.204.0/23
jp,220.232.206.0/24
jp,220.232.211.0/24
jp,220.232.242.0/23
jp,220.232.254.0/24
jp,220.247.0.0/17
jp,220.247.184.0/21
jp,220.254.0.0/16
jp,221.12.192.0/18
jp,221.16.0.0/12
jp,221.32.0.0/11
jp,221.64.0.0/11
jp,221.96.0.0/12
jp,221.112.0.0/13
jp,221.120.168.0/21
jp,221.121.160.0/20
jp,221.121.176.0/21
jp,221.121.192.0/18
jp,221.128.0.0/18
jp,221.128.71.0/24
jp,221.128.73.0/24
jp,221.128.77.0/24
jp,221.128.79.0/24
jp,221.128.81.0/24
jp,221.128.87.0/24
jp,221.128.88.0/22
jp,221.128.97.0/24
jp,221.128.98.0/23
jp,221.128.104.0/22
jp,221.128.108.0/23
jp,221.128.110.0/24
jp,221.128.115.0/24
jp,221.128.116.0/24
jp,221.128.118.0/23
jp,221.128.121.0/24
jp,221.128.123.0/24
jp,221.132.96.0/20
jp,221.132.120.0/21
jp,221.132.128.0/18
jp,221.133.64.0/18
jp,221.170.0.0/15
jp,221.184.0.0/13
jp,221.240.0.0/12
jp,222.0.0.0/12
jp,222.144.0.0/13
jp,222.158.0.0/15
jp,222.224.0.0/14
jp,222.228.0.0/16
jp,222.229.0.0/18
jp,222.229.64.0/20
jp,222.229.96.0/19
jp,222.229.128.0/17
jp,222.230.0.0/16
jp,222.231.64.0/18
jp,222.231.128.0/17
jp,223.25.128.0/18
jp,223.27.68.0/22
jp,223.27.72.0/21
jp,223.27.116.0/22
jp,223.27.124.0/22
jp,223.27.180.0/22
jp,223.29.0.0/17
jp,223.29.176.0/20
jp,223.29.244.0/22
jp,223.132.0.0/14
jp,223.165.20.0/22
jp,223.165.32.0/19
jp,223.165.80.0/20
jp,223.216.0.0/14
jp,223.223.0.0/17
jp,223.223.160.0/21
jp,223.223.208.0/21
jp,223.223.224.0/19
jp,223.252.64.0/19
jp,223.252.112.0/20
kr,1.11.0.0/16
kr,1.16.0.0/14
kr,1.96.0.0/12
kr,1.176.0.0/15
kr,1.201.0.0/16
kr,1.208.0.0/12
kr,1.224.0.0/11
kr,14.0.32.0/19
kr,14.0.64.0/18
kr,14.4.0.0/14
kr,14.32.0.0/11
kr,14.64.0.0/11
kr,14.128.128.0/17
kr,14.129.0.0/16
kr,14.138.0.0/16
kr,14.192.80.0/20
kr,14.206.0.0/16
kr,23.142.12.0/24
kr,27.0.236.0/22
kr,27.1.0.0/16
kr,27.35.0.0/16
kr,27.96.128.0/18
kr,27.100.128.0/17
kr,27.101.0.0/16
kr,27.102.0.0/16
kr,27.111.96.0/19
kr,27.112.128.0/17
kr,27.113.0.0/17
kr,27.115.128.0/17
kr,27.116.64.0/18
kr,27.116.128.0/17
kr,27.117.0.0/16
kr,27.118.64.0/18
kr,27.118.128.0/17
kr,27.119.0.0/16
kr,27.120.0.0/18
kr,27.122.128.0/17
kr,27.124.128.0/17
kr,27.125.0.0/17
kr,27.126.0.0/18
kr,27.160.0.0/12
kr,27.176.0.0/13
kr,27.232.0.0/13
kr,27.255.64.0/18
kr,36.38.0.0/15
kr,39.4.0.0/14
kr,39.16.0.0/12
kr,39.112.0.0/12
kr,42.8.0.0/13
kr,42.16.0.0/12
kr,42.32.0.0/12
kr,42.82.0.0/16
kr,43.224.104.0/22
kr,43.225.124.0/22
kr,43.227.116.0/22
kr,43.227.120.0/22
kr,43.228.160.0/22
kr,43.229.0.0/22
kr,43.229.112.0/22
kr,43.230.0.0/22
kr,43.230.76.0/22
kr,43.230.80.0/22
kr,43.230.216.0/22
kr,43.240.236.0/22
kr,43.241.104.0/21
kr,43.242.112.0/22
kr,43.243.188.0/22
kr,43.243.216.0/22
kr,43.246.152.0/22
kr,43.246.180.0/22
kr,43.247.104.0/22
kr,43.247.192.0/22
kr,43.250.152.0/22
kr,43.251.28.0/22
kr,43.251.68.0/22
kr,43.251.120.0/22
kr,43.254.244.0/22
kr,43.255.248.0/21
kr,45.64.140.0/22
kr,45.64.144.0/22
kr,45.64.152.0/22
kr,45.64.172.0/22
kr,45.112.88.0/21
kr,45.112.96.0/20
kr,45.112.112.0/21
kr,45.112.152.0/21
kr,45.112.160.0/21
kr,45.112.168.0/22
kr,45.113.44.0/22
kr,45.113.48.0/22
kr,45.114.104.0/22
kr,45.114.128.0/22
kr,45.115.152.0/22
kr,45.117.12.0/22
kr,45.119.144.0/22
kr,45.120.64.0/21
kr,45.121.164.0/22
kr,45.125.232.0/22
kr,45.126.148.0/22
kr,45.248.72.0/22
kr,45.249.64.0/22
kr,45.249.160.0/22
kr,45.250.204.0/22
kr,45.250.208.0/22
kr,45.250.220.0/22
kr,49.1.0.0/16
kr,49.8.0.0/14
kr,49.16.0.0/12
kr,49.50.0.0/22
kr,49.50.16.0/20
kr,49.50.32.0/19
kr,49.50.128.0/18
kr,49.56.0.0/13
kr,49.128.192.0/19
kr,49.142.0.0/16
kr,49.143.0.0/17
kr,49.143.128.0/18
kr,49.143.192.0/19
kr,49.160.0.0/12
kr,49.213.44.0/23
kr,49.236.64.0/18
kr,49.236.128.0/18
kr,49.238.64.0/18
kr,49.238.128.0/17
kr,49.239.128.0/18
kr,49.246.0.0/17
kr,49.247.0.0/16
kr,49.254.0.0/16
kr,58.29.0.0/16
kr,58.65.64.0/18
kr,58.72.0.0/13
kr,58.84.44.0/22
kr,58.87.32.0/19
kr,58.102.0.0/15
kr,58.120.0.0/13
kr,58.138.192.0/18
kr,58.140.0.0/14
kr,58.145.0.0/17
kr,58.146.192.0/18
kr,58.147.176.0/21
kr,58.148.0.0/14
kr,58.180.0.0/16
kr,58.181.0.0/18
kr,58.184.0.0/16
kr,58.224.0.0/12
kr,59.0.0.0/11
kr,59.86.192.0/18
kr,59.150.0.0/16
kr,59.151.192.0/18
kr,59.152.128.0/18
kr,59.186.0.0/15
kr,60.196.0.0/15
kr,60.253.0.0/18
kr,60.253.64.0/19
kr,61.4.192.0/18
kr,61.5.160.0/19
kr,61.14.208.0/22
kr,61.32.0.0/13
kr,61.40.0.0/14
kr,61.47.192.0/18
kr,61.72.0.0/13
kr,61.80.0.0/14
kr,61.84.0.0/15
kr,61.96.0.0/12
kr,61.245.176.0/20
kr,61.245.224.0/19
kr,61.247.64.0/18
kr,61.247.128.0/19
kr,61.247.192.0/19
kr,61.248.0.0/13
kr,64.188.32.0/20
kr,91.240.89.0/24
kr,101.1.8.0/21
kr,101.1.32.0/19
kr,101.53.64.0/19
kr,101.55.0.0/17
kr,101.79.0.0/16
kr,101.101.128.0/17
kr,101.202.0.0/16
kr,101.235.0.0/16
kr,101.250.0.0/16
kr,103.2.76.0/22
kr,103.2.84.0/22
kr,103.2.92.0/22
kr,103.3.36.0/22
kr,103.4.48.0/22
kr,103.4.148.0/22
kr,103.4.176.0/21
kr,103.5.128.0/22
kr,103.5.144.0/22
kr,103.6.72.0/22
kr,103.6.80.0/22
kr,103.6.100.0/22
kr,103.6.172.0/22
kr,103.7.32.0/22
kr,103.7.190.0/23
kr,103.7.244.0/22
kr,103.8.100.0/22
kr,103.8.230.0/24
kr,103.9.32.0/22
kr,103.9.128.0/22
kr,103.10.92.0/22
kr,103.10.216.0/22
kr,103.11.24.0/22
kr,103.11.44.0/22
kr,103.11.56.0/22
kr,103.11.128.0/22
kr,103.11.248.0/22
kr,103.12.248.0/21
kr,103.13.52.0/22
kr,103.13.160.0/22
kr,103.19.124.0/22
kr,103.20.116.0/22
kr,103.21.188.0/22
kr,103.21.200.0/22
kr,103.22.220.0/22
kr,103.23.80.0/21
kr,103.24.8.0/22
kr,103.25.16.0/22
kr,103.27.128.0/22
kr,103.27.148.0/22
kr,103.28.60.0/22
kr,103.28.64.0/22
kr,103.30.108.0/22
kr,103.30.160.0/22
kr,103.30.204.0/22
kr,103.31.180.0/22
kr,103.37.0.0/22
kr,103.38.24.0/22
kr,103.39.16.0/22
kr,103.39.36.0/22
kr,103.42.60.0/23
kr,103.42.184.0/22
kr,103.43.64.0/24
kr,103.43.120.0/22
kr,103.44.88.0/22
kr,103.48.132.0/22
kr,103.49.44.0/22
kr,103.50.40.0/22
kr,103.51.168.0/21
kr,103.51.176.0/22
kr,103.51.184.0/21
kr,103.51.192.0/21
kr,103.51.200.0/22
kr,103.51.240.0/20
kr,103.52.200.0/22
kr,103.53.114.0/24
kr,103.54.60.0/22
kr,103.54.72.0/22
kr,103.55.35.0/24
kr,103.55.188.0/22
kr,103.57.60.0/22
kr,103.59.156.0/22
kr,103.60.120.0/21
kr,103.60.192.0/22
kr,103.62.228.0/22
kr,103.66.188.0/22
kr,103.66.192.0/22
kr,103.67.58.0/23
kr,103.68.96.0/22
kr,103.68.148.0/22
kr,103.68.152.0/22
kr,103.71.4.0/23
kr,103.74.0.0/22
kr,103.77.84.0/22
kr,103.78.132.0/23
kr,103.79.132.0/22
kr,103.85.80.0/22
kr,103.86.44.0/22
kr,103.87.116.0/22
kr,103.90.209.0/24
kr,103.90.244.0/22
kr,103.104.86.0/24
kr,103.105.156.0/22
kr,103.105.160.0/22
kr,103.106.140.0/22
kr,103.109.64.0/22
kr,103.114.62.0/24
kr,103.114.124.0/22
kr,103.117.0.0/22
kr,103.122.144.0/23
kr,103.122.184.0/22
kr,103.124.100.0/22
kr,103.125.108.0/22
kr,103.126.64.0/22
kr,103.126.234.0/23
kr,103.127.124.0/22
kr,103.127.212.0/22
kr,103.129.184.0/22
kr,103.131.164.0/22
kr,103.132.32.0/21
kr,103.133.240.0/23
kr,103.138.228.0/23
kr,103.139.84.0/23
kr,103.139.118.0/23
kr,103.139.214.0/23
kr,103.139.216.0/23
kr,103.140.12.0/23
kr,103.140.208.0/22
kr,103.140.220.0/23
kr,103.141.18.0/23
kr,103.141.190.0/23
kr,103.143.32.0/23
kr,103.143.78.0/23
kr,103.143.176.0/23
kr,103.144.30.0/23
kr,103.145.214.0/23
kr,103.146.180.0/23
kr,103.150.62.0/23
kr,103.150.160.0/24
kr,103.150.162.0/23
kr,103.150.204.0/23
kr,103.153.44.0/23
kr,103.156.22.0/23
kr,103.157.158.0/23
kr,103.157.208.0/23
kr,103.159.160.0/23
kr,103.161.4.0/23
kr,103.162.52.0/23
kr,103.162.180.0/23
kr,103.164.78.0/23
kr,103.166.222.0/23
kr,103.167.230.0/23
kr,103.175.200.0/23
kr,103.178.34.0/23
kr,103.178.80.0/23
kr,103.182.122.0/23
kr,103.182.126.0/23
kr,103.182.250.0/23
kr,103.186.170.0/23
kr,103.187.34.0/23
kr,103.187.108.0/23
kr,103.188.89.0/24
kr,103.194.108.0/22
kr,103.194.252.0/22
kr,103.199.100.0/22
kr,103.206.74.0/23
kr,103.212.124.0/22
kr,103.212.220.0/22
kr,103.212.244.0/22
kr,103.212.248.0/22
kr,103.214.24.0/22
kr,103.214.88.0/22
kr,103.215.144.0/22
kr,103.216.202.0/23
kr,103.218.156.0/22
kr,103.218.160.0/22
kr,103.218.172.0/23
kr,103.219.124.0/22
kr,103.219.128.0/22
kr,103.226.72.0/21
kr,103.226.96.0/22
kr,103.229.156.0/22
kr,103.230.88.0/22
kr,103.230.112.0/22
kr,103.231.128.0/22
kr,103.234.4.0/22
kr,103.235.24.0/22
kr,103.237.20.0/22
kr,103.238.248.0/22
kr,103.239.112.0/22
kr,103.239.236.0/22
kr,103.239.240.0/22
kr,103.240.28.0/22
kr,103.240.48.0/22
kr,103.241.76.0/22
kr,103.241.116.0/22
kr,103.243.20.0/22
kr,103.243.200.0/22
kr,103.244.108.0/22
kr,103.246.56.0/22
kr,103.246.172.0/22
kr,103.246.236.0/22
kr,103.247.220.0/22
kr,103.247.232.0/22
kr,103.248.104.0/22
kr,103.249.28.0/22
kr,103.251.104.0/22
kr,103.252.228.0/22
kr,103.253.56.0/22
kr,103.253.240.0/22
kr,103.254.248.0/22
kr,106.10.0.0/17
kr,106.96.0.0/13
kr,106.240.0.0/12
kr,110.4.64.0/18
kr,110.5.128.0/17
kr,110.8.0.0/13
kr,110.34.56.0/21
kr,110.34.64.0/18
kr,110.35.0.0/18
kr,110.35.96.0/19
kr,110.35.128.0/17
kr,110.44.32.0/19
kr,110.44.192.0/18
kr,110.45.0.0/16
kr,110.46.0.0/15
kr,110.68.0.0/14
kr,110.76.64.0/18
kr,110.76.140.0/22
kr,110.92.20.0/22
kr,110.92.128.0/17
kr,110.93.24.0/21
kr,110.93.112.0/20
kr,110.93.128.0/18
kr,110.165.0.0/19
kr,110.165.64.0/18
kr,110.172.64.0/18
kr,110.232.96.0/20
kr,111.65.128.0/18
kr,111.67.208.0/20
kr,111.67.224.0/19
kr,111.91.128.0/18
kr,111.92.188.0/22
kr,111.118.0.0/17
kr,111.171.0.0/17
kr,111.218.0.0/15
kr,111.221.32.0/21
kr,112.72.16.0/20
kr,112.72.32.0/19
kr,112.72.128.0/17
kr,112.76.0.0/15
kr,112.106.0.0/15
kr,112.108.0.0/16
kr,112.109.32.0/19
kr,112.121.0.0/19
kr,112.121.192.0/18
kr,112.133.0.0/17
kr,112.133.128.0/18
kr,112.136.128.0/17
kr,112.137.176.0/21
kr,112.140.64.0/18
kr,112.140.144.0/20
kr,112.140.192.0/18
kr,112.144.0.0/12
kr,112.160.0.0/11
kr,112.196.192.0/19
kr,112.212.0.0/16
kr,112.213.0.0/19
kr,112.214.0.0/16
kr,112.216.0.0/13
kr,113.10.0.0/18
kr,113.21.0.0/19
kr,113.29.128.0/18
kr,113.29.192.0/20
kr,113.30.0.0/17
kr,113.52.136.0/21
kr,113.52.192.0/19
kr,113.59.128.0/18
kr,113.60.0.0/16
kr,113.61.0.0/19
kr,113.61.104.0/22
kr,113.130.64.0/19
kr,113.130.128.0/17
kr,113.131.0.0/16
kr,113.192.64.0/18
kr,113.197.80.0/20
kr,113.198.0.0/16
kr,113.199.0.0/17
kr,113.216.0.0/15
kr,114.29.0.0/17
kr,114.29.128.0/18
kr,114.30.0.0/19
kr,114.30.48.0/20
kr,114.30.128.0/17
kr,114.31.32.0/19
kr,114.31.112.0/20
kr,114.52.0.0/15
kr,114.70.0.0/15
kr,114.108.0.0/17
kr,114.108.128.0/18
kr,114.110.24.0/21
kr,114.110.128.0/17
kr,114.111.32.0/19
kr,114.111.192.0/18
kr,114.129.64.0/18
kr,114.129.192.0/18
kr,114.141.0.0/19
kr,114.141.40.0/21
kr,114.141.224.0/19
kr,114.199.0.0/18
kr,114.199.128.0/17
kr,114.200.0.0/13
kr,115.0.0.0/12
kr,115.16.0.0/13
kr,115.31.96.0/19
kr,115.40.0.0/15
kr,115.68.0.0/16
kr,115.69.96.0/19
kr,115.71.0.0/16
kr,115.84.160.0/21
kr,115.85.160.0/19
kr,115.86.0.0/16
kr,115.88.0.0/13
kr,115.126.192.0/18
kr,115.136.0.0/13
kr,115.144.0.0/15
kr,115.160.0.0/17
kr,115.161.0.0/16
kr,115.165.176.0/21
kr,115.178.32.0/20
kr,115.178.64.0/19
kr,115.187.20.0/23
kr,115.187.80.0/21
kr,116.32.0.0/12
kr,116.67.0.0/17
kr,116.68.32.0/19
kr,116.68.232.0/21
kr,116.84.0.0/16
kr,116.89.160.0/19
kr,116.90.216.0/21
kr,116.93.160.0/19
kr,116.93.192.0/18
kr,116.120.0.0/13
kr,116.193.80.0/20
kr,116.199.160.0/21
kr,116.200.0.0/15
kr,116.204.168.0/22
kr,116.212.0.0/19
kr,116.255.64.0/18
kr,117.16.0.0/15
kr,117.20.80.0/20
kr,117.20.192.0/18
kr,117.52.0.0/16
kr,117.53.64.0/18
kr,117.53.192.0/18
kr,117.55.128.0/18
kr,117.58.128.0/20
kr,117.110.0.0/15
kr,117.123.0.0/16
kr,118.32.0.0/11
kr,118.67.128.0/18
kr,118.91.0.0/17
kr,118.91.144.0/20
kr,118.103.192.0/19
kr,118.107.160.0/20
kr,118.127.192.0/18
kr,118.128.0.0/14
kr,118.139.192.0/18
kr,118.176.0.0/16
kr,118.216.0.0/13
kr,118.234.0.0/15
kr,119.17.0.0/19
kr,119.17.64.0/18
kr,119.18.64.0/18
kr,119.30.128.0/18
kr,119.31.240.0/20
kr,119.42.160.0/19
kr,119.56.128.0/17
kr,119.59.0.0/18
kr,119.63.224.0/19
kr,119.64.0.0/13
kr,119.75.64.0/18
kr,119.75.128.0/18
kr,119.77.96.0/19
kr,119.82.32.0/19
kr,119.148.112.0/20
kr,119.148.128.0/19
kr,119.149.0.0/16
kr,119.161.0.0/19
kr,119.192.0.0/11
kr,119.235.192.0/20
kr,119.235.240.0/21
kr,120.29.128.0/20
kr,120.50.64.0/18
kr,120.50.128.0/19
kr,120.73.0.0/16
kr,120.136.64.0/18
kr,120.142.0.0/16
kr,120.143.160.0/19
kr,120.143.192.0/18
kr,121.0.64.0/18
kr,121.0.128.0/17
kr,121.1.64.0/18
kr,121.50.16.0/20
kr,121.50.64.0/18
kr,121.50.224.0/19
kr,121.53.0.0/16
kr,121.54.192.0/18
kr,121.55.64.0/18
kr,121.55.128.0/18
kr,121.64.0.0/14
kr,121.78.0.0/16
kr,121.88.0.0/16
kr,121.100.64.0/18
kr,121.101.192.0/20
kr,121.101.224.0/19
kr,121.124.0.0/15
kr,121.126.0.0/16
kr,121.127.64.0/18
kr,121.127.128.0/18
kr,121.128.0.0/10
kr,121.200.64.0/18
kr,121.252.0.0/15
kr,121.254.0.0/18
kr,121.254.128.0/17
kr,122.0.8.0/21
kr,122.0.32.0/19
kr,122.32.0.0/12
kr,122.49.64.0/18
kr,122.99.128.0/17
kr,122.100.32.0/19
kr,122.101.0.0/16
kr,122.128.32.0/19
kr,122.128.64.0/20
kr,122.128.128.0/17
kr,122.129.208.0/21
kr,122.129.240.0/20
kr,122.152.96.0/19
kr,122.153.0.0/16
kr,122.199.64.0/18
kr,122.199.128.0/17
kr,122.202.32.0/19
kr,122.202.128.0/17
kr,122.203.0.0/16
kr,122.252.64.0/18
kr,122.252.192.0/19
kr,122.254.128.0/17
kr,123.0.0.0/20
kr,123.32.0.0/12
kr,123.98.160.0/19
kr,123.98.192.0/19
kr,123.99.64.0/18
kr,123.100.160.0/19
kr,123.108.0.0/21
kr,123.108.16.0/20
kr,123.108.160.0/19
kr,123.109.0.0/16
kr,123.111.0.0/16
kr,123.140.0.0/14
kr,123.199.0.0/17
kr,123.200.64.0/18
kr,123.212.0.0/14
kr,123.228.0.0/15
kr,123.248.0.0/16
kr,123.250.0.0/15
kr,123.253.172.0/22
kr,123.254.64.0/19
kr,123.254.128.0/17
kr,124.0.0.0/14
kr,124.5.0.0/16
kr,124.28.0.0/17
kr,124.28.128.0/18
kr,124.46.0.0/16
kr,124.48.0.0/12
kr,124.66.176.0/20
kr,124.66.208.0/20
kr,124.80.0.0/16
kr,124.111.0.0/16
kr,124.136.0.0/14
kr,124.146.0.0/18
kr,124.153.128.0/17
kr,124.194.0.0/16
kr,124.195.160.0/19
kr,124.195.224.0/19
kr,124.197.128.0/18
kr,124.197.192.0/19
kr,124.198.0.0/17
kr,124.199.0.0/18
kr,124.199.128.0/17
kr,124.216.0.0/16
kr,124.217.192.0/19
kr,124.243.0.0/17
kr,124.254.128.0/17
kr,125.7.128.0/17
kr,125.31.128.0/18
kr,125.57.0.0/16
kr,125.60.0.0/17
kr,125.61.0.0/17
kr,125.62.216.0/21
kr,125.128.0.0/11
kr,125.176.0.0/12
kr,125.208.64.0/18
kr,125.208.192.0/18
kr,125.209.0.0/18
kr,125.209.192.0/18
kr,125.240.0.0/13
kr,125.248.0.0/14
kr,125.252.0.0/18
kr,128.134.0.0/16
kr,129.254.0.0/16
kr,134.75.0.0/16
kr,137.59.16.0/22
kr,137.68.0.0/16
kr,139.5.224.0/22
kr,139.150.0.0/16
kr,141.223.0.0/16
kr,143.248.0.0/16
kr,144.48.40.0/21
kr,144.48.92.0/22
kr,144.48.100.0/22
kr,146.88.84.0/22
kr,147.6.0.0/16
kr,147.43.0.0/16
kr,147.46.0.0/15
kr,150.107.68.0/22
kr,150.107.80.0/21
kr,150.129.224.0/22
kr,150.150.0.0/16
kr,150.183.0.0/16
kr,150.197.0.0/16
kr,150.242.132.0/22
kr,150.242.144.0/22
kr,152.99.0.0/16
kr,152.149.0.0/16
kr,154.10.0.0/16
kr,155.230.0.0/16
kr,156.147.0.0/16
kr,157.66.64.0/23
kr,157.119.32.0/21
kr,157.197.0.0/16
kr,158.44.0.0/16
kr,160.20.142.0/24
kr,160.22.155.0/24
kr,160.30.106.0/23
kr,160.30.229.0/24
kr,160.30.232.0/23
kr,160.30.235.0/24
kr,160.187.186.0/23
kr,160.202.160.0/22
kr,160.202.172.0/22
kr,160.202.176.0/22
kr,160.250.152.0/22
kr,161.122.0.0/16
kr,162.222.172.0/22
kr,163.53.156.0/22
kr,163.61.222.0/23
kr,163.152.0.0/16
kr,163.180.0.0/16
kr,163.213.0.0/16
kr,163.222.0.0/16
kr,163.223.94.0/23
kr,163.223.162.0/23
kr,163.229.0.0/16
kr,163.239.0.0/16
kr,163.255.0.0/16
kr,164.124.0.0/15
kr,165.99.76.0/23
kr,165.101.60.0/23
kr,165.132.0.0/15
kr,165.141.0.0/16
kr,165.186.0.0/16
kr,165.194.0.0/16
kr,165.213.0.0/16
kr,165.229.0.0/16
kr,165.243.0.0/16
kr,165.244.0.0/16
kr,165.246.0.0/16
kr,166.79.0.0/16
kr,166.103.0.0/16
kr,166.104.0.0/16
kr,166.125.0.0/16
kr,167.179.212.0/22
kr,168.78.0.0/16
kr,168.115.0.0/16
kr,168.126.0.0/16
kr,168.131.0.0/16
kr,168.154.0.0/16
kr,168.188.0.0/16
kr,168.219.0.0/16
kr,168.248.0.0/15
kr,169.140.0.0/16
kr,169.208.0.0/12
kr,175.28.32.0/20
kr,175.41.0.0/20
kr,175.45.160.0/21
kr,175.45.192.0/18
kr,175.106.64.0/18
kr,175.107.64.0/18
kr,175.111.16.0/20
kr,175.112.0.0/12
kr,175.158.0.0/19
kr,175.176.128.0/20
kr,175.192.0.0/10
kr,180.64.0.0/13
kr,180.80.0.0/14
kr,180.92.64.0/18
kr,180.92.240.0/20
kr,180.94.4.0/24
kr,180.131.0.0/18
kr,180.132.0.0/14
kr,180.148.180.0/22
kr,180.150.192.0/19
kr,180.150.224.0/21
kr,180.182.0.0/16
kr,180.189.52.0/22
kr,180.189.64.0/18
kr,180.189.176.0/20
kr,180.210.0.0/17
kr,180.210.192.0/21
kr,180.211.0.0/18
kr,180.222.220.0/22
kr,180.224.0.0/13
kr,180.233.192.0/18
kr,180.236.0.0/14
kr,182.31.0.0/16
kr,182.50.32.0/19
kr,182.161.96.0/19
kr,182.161.128.0/17
kr,182.162.0.0/16
kr,182.163.128.0/17
kr,182.172.0.0/16
kr,182.173.80.0/20
kr,182.173.96.0/19
kr,182.173.160.0/19
kr,182.192.0.0/13
kr,182.208.0.0/12
kr,182.224.0.0/13
kr,182.237.32.0/19
kr,182.237.64.0/18
kr,182.237.192.0/18
kr,182.252.0.0/18
kr,182.252.128.0/17
kr,182.255.128.0/17
kr,183.78.128.0/19
kr,183.78.192.0/18
kr,183.86.192.0/18
kr,183.90.128.0/19
kr,183.91.192.0/18
kr,183.96.0.0/11
kr,185.130.49.0/24
kr,192.5.90.0/24
kr,192.40.0.0/22
kr,192.100.2.0/24
kr,192.104.15.0/24
kr,192.132.15.0/24
kr,192.132.247.0/24
kr,192.132.248.0/22
kr,192.195.39.0/24
kr,192.195.40.0/24
kr,192.203.138.0/23
kr,192.203.140.0/22
kr,192.203.144.0/23
kr,192.203.146.0/24
kr,192.245.249.0/24
kr,192.245.250.0/23
kr,192.249.16.0/20
kr,198.148.192.0/22
kr,202.3.16.0/20
kr,202.6.95.0/24
kr,202.8.160.0/19
kr,202.14.90.0/23
kr,202.14.103.0/24
kr,202.14.165.0/24
kr,202.20.82.0/23
kr,202.20.84.0/23
kr,202.20.86.0/24
kr,202.20.99.0/24
kr,202.20.119.0/24
kr,202.20.128.0/17
kr,202.21.0.0/21
kr,202.22.32.0/19
kr,202.30.0.0/15
kr,202.43.48.0/20
kr,202.47.143.0/24
kr,202.59.216.0/21
kr,202.68.224.0/19
kr,202.73.132.0/22
kr,202.86.8.0/21
kr,202.89.124.0/22
kr,202.89.248.0/22
kr,202.90.252.0/22
kr,202.93.6.0/23
kr,202.126.112.0/21
kr,202.128.100.0/23
kr,202.131.24.0/21
kr,202.133.16.0/20
kr,202.136.112.0/20
kr,202.136.128.0/19
kr,202.148.48.0/22
kr,202.150.176.0/20
kr,202.158.144.0/20
kr,202.163.128.0/19
kr,202.165.56.0/22
kr,202.167.208.0/20
kr,202.171.248.0/22
kr,202.174.88.0/22
kr,202.179.148.0/22
kr,202.179.176.0/21
kr,202.189.128.0/24
kr,203.17.226.0/24
kr,203.24.188.0/24
kr,203.77.176.0/24
kr,203.81.8.0/22
kr,203.81.128.0/19
kr,203.82.219.0/24
kr,203.82.220.0/23
kr,203.82.240.0/21
kr,203.83.128.0/19
kr,203.84.240.0/20
kr,203.90.32.0/19
kr,203.100.160.0/19
kr,203.109.0.0/19
kr,203.123.192.0/19
kr,203.128.160.0/19
kr,203.128.192.0/19
kr,203.128.236.0/22
kr,203.129.6.0/23
kr,203.130.64.0/18
kr,203.130.176.0/20
kr,203.132.160.0/19
kr,203.133.160.0/19
kr,203.142.160.0/19
kr,203.142.216.0/23
kr,203.149.112.0/20
kr,203.152.160.0/19
kr,203.153.144.0/20
kr,203.160.130.0/23
kr,203.160.140.0/22
kr,203.166.208.0/21
kr,203.169.4.0/23
kr,203.170.96.0/19
kr,203.171.160.0/19
kr,203.173.96.0/19
kr,203.175.32.0/19
kr,203.175.188.0/22
kr,203.190.4.0/22
kr,203.190.26.0/23
kr,203.191.134.0/23
kr,203.207.16.0/20
kr,203.210.16.0/20
kr,203.210.32.0/19
kr,203.212.96.0/19
kr,203.212.160.0/19
kr,203.215.192.0/19
kr,203.216.160.0/19
kr,203.217.192.0/18
kr,203.223.96.0/19
kr,203.223.177.0/24
kr,203.224.0.0/11
kr,206.219.0.0/18
kr,210.0.32.0/19
kr,210.2.32.0/19
kr,210.4.88.0/21
kr,210.4.216.0/21
kr,210.16.116.0/22
kr,210.16.192.0/18
kr,210.57.224.0/19
kr,210.80.96.0/19
kr,210.87.192.0/19
kr,210.89.160.0/19
kr,210.90.0.0/15
kr,210.92.0.0/14
kr,210.96.0.0/11
kr,210.178.0.0/15
kr,210.180.0.0/14
kr,210.192.64.0/19
kr,210.204.0.0/14
kr,210.210.192.0/18
kr,210.211.0.0/20
kr,210.211.64.0/19
kr,210.216.0.0/13
kr,211.32.0.0/11
kr,211.104.0.0/13
kr,211.112.0.0/13
kr,211.168.0.0/13
kr,211.176.0.0/12
kr,211.192.0.0/10
kr,218.36.0.0/14
kr,218.48.0.0/13
kr,218.101.128.0/17
kr,218.144.0.0/12
kr,218.209.0.0/16
kr,218.232.0.0/13
kr,219.240.0.0/15
kr,219.248.0.0/13
kr,220.64.0.0/11
kr,220.103.0.0/16
kr,220.116.0.0/14
kr,220.120.0.0/13
kr,220.149.0.0/16
kr,220.230.0.0/16
kr,221.132.64.0/19
kr,221.133.48.0/20
kr,221.133.128.0/18
kr,221.138.0.0/15
kr,221.140.0.0/14
kr,221.144.0.0/12
kr,221.160.0.0/13
kr,221.168.0.0/16
kr,222.96.0.0/12
kr,222.112.0.0/13
kr,222.120.0.0/15
kr,222.122.0.0/16
kr,222.231.0.0/18
kr,222.232.0.0/13
kr,222.251.128.0/17
kr,223.26.128.0/17
kr,223.28.128.0/17
kr,223.32.0.0/11
kr,223.130.64.0/18
kr,223.130.128.0/17
kr,223.131.0.0/16
kr,223.165.128.0/17
kr,223.168.0.0/13
kr,223.194.0.0/15
kr,223.222.0.0/16
kr,223.253.0.0/16
kr,223.255.192.0/19